"DateTime","Precip_mm_hr"
2024-07-31 12:00:00,0.03
2024-07-31 13:00:00,0.01
2024-07-31 14:00:00,0
2024-07-31 15:00:00,0
2024-07-31 16:00:00,0
2024-07-31 17:00:00,0
2024-07-31 18:00:00,0
2024-07-31 19:00:00,0
2024-07-31 20:00:00,0
2024-07-31 21:00:00,0
2024-07-31 22:00:00,0
2024-07-31 23:00:00,0
2024-08-01,0
2024-08-01 01:00:00,0
2024-08-01 02:00:00,0
2024-08-01 03:00:00,0
2024-08-01 04:00:00,0
2024-08-01 05:00:00,0
2024-08-01 06:00:00,0
2024-08-01 07:00:00,0
2024-08-01 08:00:00,0
2024-08-01 09:00:00,0
2024-08-01 10:00:00,0
2024-08-01 11:00:00,0
2024-08-01 12:00:00,0
2024-08-01 13:00:00,0
2024-08-01 14:00:00,0
2024-08-01 15:00:00,0
2024-08-01 16:00:00,0
2024-08-01 17:00:00,0
2024-08-01 18:00:00,0
2024-08-01 19:00:00,0
2024-08-01 20:00:00,0
2024-08-01 21:00:00,0
2024-08-01 22:00:00,0
2024-08-01 23:00:00,0
2024-08-02,0
2024-08-02 01:00:00,0
2024-08-02 02:00:00,0
2024-08-02 03:00:00,0
2024-08-02 04:00:00,0
2024-08-02 05:00:00,0.01
2024-08-02 06:00:00,0.01
2024-08-02 07:00:00,0.01
2024-08-02 08:00:00,0.01
2024-08-02 09:00:00,0.01
2024-08-02 10:00:00,0.01
2024-08-02 11:00:00,0.09
2024-08-02 12:00:00,0.04
2024-08-02 13:00:00,0
2024-08-02 14:00:00,0
2024-08-02 15:00:00,0
2024-08-02 16:00:00,0
2024-08-02 17:00:00,0
2024-08-02 18:00:00,0
2024-08-02 19:00:00,0
2024-08-02 20:00:00,0
2024-08-02 21:00:00,0.02
2024-08-02 22:00:00,0.05
2024-08-02 23:00:00,0.02
2024-08-03,0.02
2024-08-03 01:00:00,0.01
2024-08-03 02:00:00,0.01
2024-08-03 03:00:00,0.04
2024-08-03 04:00:00,0.05
2024-08-03 05:00:00,0.04
2024-08-03 06:00:00,0.15
2024-08-03 07:00:00,0.5
2024-08-03 08:00:00,1.24
2024-08-03 09:00:00,0.17
2024-08-03 10:00:00,0.05
2024-08-03 11:00:00,0.34
2024-08-03 12:00:00,0.2
2024-08-03 13:00:00,0.1
2024-08-03 14:00:00,0.07
2024-08-03 15:00:00,0.21
2024-08-03 16:00:00,0.61
2024-08-03 17:00:00,1.17
2024-08-03 18:00:00,1.4
2024-08-03 19:00:00,1.26
2024-08-03 20:00:00,1.49
2024-08-03 21:00:00,1.75
2024-08-03 22:00:00,1.23
2024-08-03 23:00:00,0.76
2024-08-04,0.55
2024-08-04 01:00:00,0.25
2024-08-04 02:00:00,0.22
2024-08-04 03:00:00,0.12
2024-08-04 04:00:00,0.05
2024-08-04 05:00:00,0.04
2024-08-04 06:00:00,0.03
2024-08-04 07:00:00,0.02
2024-08-04 08:00:00,0.03
2024-08-04 09:00:00,0.03
2024-08-04 10:00:00,0.04
2024-08-04 11:00:00,0.01
2024-08-04 12:00:00,0.01
2024-08-04 13:00:00,0.03
2024-08-04 14:00:00,0.01
2024-08-04 15:00:00,0.02
2024-08-04 16:00:00,0.02
2024-08-04 17:00:00,0.04
2024-08-04 18:00:00,0.09
2024-08-04 19:00:00,0.19
2024-08-04 20:00:00,0.3
2024-08-04 21:00:00,0.33
2024-08-04 22:00:00,0.25
2024-08-04 23:00:00,0.21
2024-08-05,0.17
2024-08-05 01:00:00,0.14
2024-08-05 02:00:00,0.11
2024-08-05 03:00:00,0.07
2024-08-05 04:00:00,0.04
2024-08-05 05:00:00,0.04
2024-08-05 06:00:00,0.05
2024-08-05 07:00:00,0.02
2024-08-05 08:00:00,0.02
2024-08-05 09:00:00,0.02
2024-08-05 10:00:00,0.01
2024-08-05 11:00:00,0.01
2024-08-05 12:00:00,0.01
2024-08-05 13:00:00,0
2024-08-05 14:00:00,0
2024-08-05 15:00:00,0
2024-08-05 16:00:00,0
2024-08-05 17:00:00,0
2024-08-05 18:00:00,0
2024-08-05 19:00:00,0
2024-08-05 20:00:00,0
2024-08-05 21:00:00,0
2024-08-05 22:00:00,0
2024-08-05 23:00:00,0
2024-08-06,0
2024-08-06 01:00:00,0
2024-08-06 02:00:00,0
2024-08-06 03:00:00,0
2024-08-06 04:00:00,0
2024-08-06 05:00:00,0
2024-08-06 06:00:00,0
2024-08-06 07:00:00,0
2024-08-06 08:00:00,0.01
2024-08-06 09:00:00,0.01
2024-08-06 10:00:00,0.02
2024-08-06 11:00:00,0.02
2024-08-06 12:00:00,0.01
2024-08-06 13:00:00,0
2024-08-06 14:00:00,0
2024-08-06 15:00:00,0
2024-08-06 16:00:00,0
2024-08-06 17:00:00,0
2024-08-06 18:00:00,0
2024-08-06 19:00:00,0
2024-08-06 20:00:00,0
2024-08-06 21:00:00,0
2024-08-06 22:00:00,0
2024-08-06 23:00:00,0
2024-08-07,0
2024-08-07 01:00:00,0
2024-08-07 02:00:00,0
2024-08-07 03:00:00,0
2024-08-07 04:00:00,0
2024-08-07 05:00:00,0
2024-08-07 06:00:00,0
2024-08-07 07:00:00,0
2024-08-07 08:00:00,0
2024-08-07 09:00:00,0
2024-08-07 10:00:00,0
2024-08-07 11:00:00,0
2024-08-07 12:00:00,0
2024-08-07 13:00:00,0
2024-08-07 14:00:00,0
2024-08-07 15:00:00,0
2024-08-07 16:00:00,0
2024-08-07 17:00:00,0
2024-08-07 18:00:00,0
2024-08-07 19:00:00,0
2024-08-07 20:00:00,0
2024-08-07 21:00:00,0
2024-08-07 22:00:00,0
2024-08-07 23:00:00,0
2024-08-08,0
2024-08-08 01:00:00,0
2024-08-08 02:00:00,0
2024-08-08 03:00:00,0
2024-08-08 04:00:00,0
2024-08-08 05:00:00,0
2024-08-08 06:00:00,0
2024-08-08 07:00:00,0
2024-08-08 08:00:00,0
2024-08-08 09:00:00,0
2024-08-08 10:00:00,0
2024-08-08 11:00:00,0
2024-08-08 12:00:00,0
2024-08-08 13:00:00,0
2024-08-08 14:00:00,0
2024-08-08 15:00:00,0
2024-08-08 16:00:00,0
2024-08-08 17:00:00,0
2024-08-08 18:00:00,0
2024-08-08 19:00:00,0
2024-08-08 20:00:00,0
2024-08-08 21:00:00,0
2024-08-08 22:00:00,0
2024-08-08 23:00:00,0
2024-08-09,0
2024-08-09 01:00:00,0
2024-08-09 02:00:00,0
2024-08-09 03:00:00,0
2024-08-09 04:00:00,0
2024-08-09 05:00:00,0
2024-08-09 06:00:00,0
2024-08-09 07:00:00,0
2024-08-09 08:00:00,0.01
2024-08-09 09:00:00,0.01
2024-08-09 10:00:00,0.02
2024-08-09 11:00:00,0.02
2024-08-09 12:00:00,0.02
2024-08-09 13:00:00,0.01
2024-08-09 14:00:00,0
2024-08-09 15:00:00,0
2024-08-09 16:00:00,0
2024-08-09 17:00:00,0
2024-08-09 18:00:00,0
2024-08-09 19:00:00,0
2024-08-09 20:00:00,0
2024-08-09 21:00:00,0
2024-08-09 22:00:00,0
2024-08-09 23:00:00,0
2024-08-10,0
2024-08-10 01:00:00,0
2024-08-10 02:00:00,0
2024-08-10 03:00:00,0
2024-08-10 04:00:00,0
2024-08-10 05:00:00,0
2024-08-10 06:00:00,0
2024-08-10 07:00:00,0
2024-08-10 08:00:00,0
2024-08-10 09:00:00,0
2024-08-10 10:00:00,0.01
2024-08-10 11:00:00,0.01
2024-08-10 12:00:00,0.01
2024-08-10 13:00:00,0
2024-08-10 14:00:00,0
2024-08-10 15:00:00,0
2024-08-10 16:00:00,0
2024-08-10 17:00:00,0
2024-08-10 18:00:00,0
2024-08-10 19:00:00,0
2024-08-10 20:00:00,0
2024-08-10 21:00:00,0
2024-08-10 22:00:00,0
2024-08-10 23:00:00,0
2024-08-11,0
2024-08-11 01:00:00,0
2024-08-11 02:00:00,0
2024-08-11 03:00:00,0
2024-08-11 04:00:00,0
2024-08-11 05:00:00,0
2024-08-11 06:00:00,0
2024-08-11 07:00:00,0
2024-08-11 08:00:00,0.01
2024-08-11 09:00:00,0.01
2024-08-11 10:00:00,0.02
2024-08-11 11:00:00,0.03
2024-08-11 12:00:00,0.03
2024-08-11 13:00:00,0.01
2024-08-11 14:00:00,0.01
2024-08-11 15:00:00,0.01
2024-08-11 16:00:00,0
2024-08-11 17:00:00,0
2024-08-11 18:00:00,0
2024-08-11 19:00:00,0
2024-08-11 20:00:00,0
2024-08-11 21:00:00,0
2024-08-11 22:00:00,0
2024-08-11 23:00:00,0
2024-08-12,0
2024-08-12 01:00:00,0
2024-08-12 02:00:00,0
2024-08-12 03:00:00,0
2024-08-12 04:00:00,0.01
2024-08-12 05:00:00,0.01
2024-08-12 06:00:00,0.03
2024-08-12 07:00:00,0.05
2024-08-12 08:00:00,0.1
2024-08-12 09:00:00,0.12
2024-08-12 10:00:00,0.14
2024-08-12 11:00:00,0.15
2024-08-12 12:00:00,0.1
2024-08-12 13:00:00,0.09
2024-08-12 14:00:00,0.08
2024-08-12 15:00:00,0.02
2024-08-12 16:00:00,0
2024-08-12 17:00:00,0
2024-08-12 18:00:00,0
2024-08-12 19:00:00,0
2024-08-12 20:00:00,0
2024-08-12 21:00:00,0
2024-08-12 22:00:00,0
2024-08-12 23:00:00,0
2024-08-13,0
2024-08-13 01:00:00,0
2024-08-13 02:00:00,0
2024-08-13 03:00:00,0
2024-08-13 04:00:00,0
2024-08-13 05:00:00,0
2024-08-13 06:00:00,0.01
2024-08-13 07:00:00,0.01
2024-08-13 08:00:00,0.02
2024-08-13 09:00:00,0.02
2024-08-13 10:00:00,0.02
2024-08-13 11:00:00,0.02
2024-08-13 12:00:00,0.02
2024-08-13 13:00:00,0.02
2024-08-13 14:00:00,0.01
2024-08-13 15:00:00,0
2024-08-13 16:00:00,0
2024-08-13 17:00:00,0
2024-08-13 18:00:00,0
2024-08-13 19:00:00,0
2024-08-13 20:00:00,0
2024-08-13 21:00:00,0
2024-08-13 22:00:00,0
2024-08-13 23:00:00,0
2024-08-14,0
2024-08-14 01:00:00,0
2024-08-14 02:00:00,0
2024-08-14 03:00:00,0
2024-08-14 04:00:00,0
2024-08-14 05:00:00,0
2024-08-14 06:00:00,0
2024-08-14 07:00:00,0
2024-08-14 08:00:00,0
2024-08-14 09:00:00,0
2024-08-14 10:00:00,0
2024-08-14 11:00:00,0.01
2024-08-14 12:00:00,0.01
2024-08-14 13:00:00,0
2024-08-14 14:00:00,0
2024-08-14 15:00:00,0
2024-08-14 16:00:00,0
2024-08-14 17:00:00,0
2024-08-14 18:00:00,0
2024-08-14 19:00:00,0
2024-08-14 20:00:00,0
2024-08-14 21:00:00,0.01
2024-08-14 22:00:00,0.02
2024-08-14 23:00:00,0.01
2024-08-15,0
2024-08-15 01:00:00,0.02
2024-08-15 02:00:00,0.07
2024-08-15 03:00:00,0.11
2024-08-15 04:00:00,0.52
2024-08-15 05:00:00,1.96
2024-08-15 06:00:00,4.63
2024-08-15 07:00:00,5.61
2024-08-15 08:00:00,3.99
2024-08-15 09:00:00,1.82
2024-08-15 10:00:00,0.87
2024-08-15 11:00:00,0.45
2024-08-15 12:00:00,0.44
2024-08-15 13:00:00,0.42
2024-08-15 14:00:00,0.45
2024-08-15 15:00:00,0.51
2024-08-15 16:00:00,0.48
2024-08-15 17:00:00,0.49
2024-08-15 18:00:00,0.45
2024-08-15 19:00:00,0.4
2024-08-15 20:00:00,0.4
2024-08-15 21:00:00,0.38
2024-08-15 22:00:00,0.33
2024-08-15 23:00:00,0.29
2024-08-16,0.2
2024-08-16 01:00:00,0.15
2024-08-16 02:00:00,0.13
2024-08-16 03:00:00,0.15
2024-08-16 04:00:00,0.14
2024-08-16 05:00:00,0.11
2024-08-16 06:00:00,0.09
2024-08-16 07:00:00,0.08
2024-08-16 08:00:00,0.05
2024-08-16 09:00:00,0.03
2024-08-16 10:00:00,0.02
2024-08-16 11:00:00,0
2024-08-16 12:00:00,0
2024-08-16 13:00:00,0
2024-08-16 14:00:00,0
2024-08-16 15:00:00,0
2024-08-16 16:00:00,0
2024-08-16 17:00:00,0
2024-08-16 18:00:00,0
2024-08-16 19:00:00,0
2024-08-16 20:00:00,0
2024-08-16 21:00:00,0
2024-08-16 22:00:00,0
2024-08-16 23:00:00,0
2024-08-17,0
2024-08-17 01:00:00,0
2024-08-17 02:00:00,0
2024-08-17 03:00:00,0
2024-08-17 04:00:00,0
2024-08-17 05:00:00,0
2024-08-17 06:00:00,0
2024-08-17 07:00:00,0
2024-08-17 08:00:00,0
2024-08-17 09:00:00,0.01
2024-08-17 10:00:00,0.01
2024-08-17 11:00:00,0.18
2024-08-17 12:00:00,0.13
2024-08-17 13:00:00,0.1
2024-08-17 14:00:00,0.06
2024-08-17 15:00:00,0.05
2024-08-17 16:00:00,0.16
2024-08-17 17:00:00,0.37
2024-08-17 18:00:00,1.02
2024-08-17 19:00:00,2.18
2024-08-17 20:00:00,4.11
2024-08-17 21:00:00,6.83
2024-08-17 22:00:00,5.3
2024-08-17 23:00:00,9.38
2024-08-18,40.82
2024-08-18 01:00:00,75.23
2024-08-18 02:00:00,40.53
2024-08-18 03:00:00,10.69
2024-08-18 04:00:00,2.7
2024-08-18 05:00:00,1.02
2024-08-18 06:00:00,2.24
2024-08-18 07:00:00,3.8
2024-08-18 08:00:00,3.92
2024-08-18 09:00:00,2.09
2024-08-18 10:00:00,0.84
2024-08-18 11:00:00,0.04
2024-08-18 12:00:00,0.04
2024-08-18 13:00:00,0.05
2024-08-18 14:00:00,0.06
2024-08-18 15:00:00,0.06
2024-08-18 16:00:00,0.09
2024-08-18 17:00:00,0.11
2024-08-18 18:00:00,0.05
2024-08-18 19:00:00,0.01
2024-08-18 20:00:00,0
2024-08-18 21:00:00,0
2024-08-18 22:00:00,0
2024-08-18 23:00:00,0
2024-08-19,0
2024-08-19 01:00:00,0
2024-08-19 02:00:00,0
2024-08-19 03:00:00,0
2024-08-19 04:00:00,0
2024-08-19 05:00:00,0
2024-08-19 06:00:00,0
2024-08-19 07:00:00,0
2024-08-19 08:00:00,0
2024-08-19 09:00:00,0
2024-08-19 10:00:00,0
2024-08-19 11:00:00,0
2024-08-19 12:00:00,0
2024-08-19 13:00:00,0
2024-08-19 14:00:00,0
2024-08-19 15:00:00,0.01
2024-08-19 16:00:00,0.01
2024-08-19 17:00:00,0
2024-08-19 18:00:00,0
2024-08-19 19:00:00,0
2024-08-19 20:00:00,0
2024-08-19 21:00:00,0
2024-08-19 22:00:00,0
2024-08-19 23:00:00,0
2024-08-20,0
2024-08-20 01:00:00,0
2024-08-20 02:00:00,0
2024-08-20 03:00:00,0
2024-08-20 04:00:00,0
2024-08-20 05:00:00,0
2024-08-20 06:00:00,0
2024-08-20 07:00:00,0
2024-08-20 08:00:00,0.01
2024-08-20 09:00:00,0
2024-08-20 10:00:00,0
2024-08-20 12:00:00,0
2024-08-20 13:00:00,0
2024-08-20 14:00:00,0
2024-08-20 15:00:00,0
2024-08-20 16:00:00,0
2024-08-20 17:00:00,0
2024-08-20 18:00:00,0
2024-08-20 19:00:00,0
2024-08-20 20:00:00,0
2024-08-20 21:00:00,0
2024-08-20 22:00:00,0
2024-08-20 23:00:00,0.01
2024-08-21,0.01
2024-08-21 01:00:00,0
2024-08-21 02:00:00,0.01
2024-08-21 03:00:00,0.12
2024-08-21 04:00:00,0.13
2024-08-21 05:00:00,0.1
2024-08-21 06:00:00,0.08
2024-08-21 07:00:00,0.05
2024-08-21 08:00:00,0.03
2024-08-21 09:00:00,0.02
2024-08-21 10:00:00,0.03
2024-08-21 11:00:00,0.04
2024-08-21 12:00:00,0.06
2024-08-21 13:00:00,0.05
2024-08-21 14:00:00,0.01
2024-08-21 15:00:00,0
2024-08-21 16:00:00,0
2024-08-21 17:00:00,0
2024-08-21 18:00:00,0
2024-08-21 19:00:00,0
2024-08-21 20:00:00,0
2024-08-21 21:00:00,0
2024-08-21 22:00:00,0
2024-08-21 23:00:00,0
2024-08-22,0
2024-08-22 01:00:00,0
2024-08-22 02:00:00,0
2024-08-22 03:00:00,0
2024-08-22 04:00:00,0.01
2024-08-22 05:00:00,0.06
2024-08-22 06:00:00,0.09
2024-08-22 07:00:00,0.09
2024-08-22 08:00:00,0.08
2024-08-22 09:00:00,0.06
2024-08-22 10:00:00,0.05
2024-08-22 11:00:00,0.75
2024-08-22 12:00:00,0.55
2024-08-22 13:00:00,0.45
2024-08-22 14:00:00,0.84
2024-08-22 15:00:00,1.13
2024-08-22 16:00:00,1.96
2024-08-22 17:00:00,2.95
2024-08-22 18:00:00,2.92
2024-08-22 19:00:00,3.09
2024-08-22 20:00:00,3.73
2024-08-22 21:00:00,4.28
2024-08-22 22:00:00,5.75
2024-08-22 23:00:00,14.2
2024-08-23,33.31
2024-08-23 01:00:00,42.54
2024-08-23 02:00:00,35.77
2024-08-23 03:00:00,32.9
2024-08-23 04:00:00,27.42
2024-08-23 05:00:00,19.94
2024-08-23 06:00:00,11.89
2024-08-23 07:00:00,4.04
2024-08-23 08:00:00,0.86
2024-08-23 09:00:00,0.25
2024-08-23 10:00:00,0.24
2024-08-23 11:00:00,0.86
2024-08-23 12:00:00,2.58
2024-08-23 13:00:00,5.44
2024-08-23 14:00:00,5.12
2024-08-23 15:00:00,5.49
2024-08-23 16:00:00,5.27
2024-08-23 17:00:00,4.1
2024-08-23 18:00:00,4.7
2024-08-23 19:00:00,5.83
2024-08-23 20:00:00,9.15
2024-08-23 21:00:00,8.06
2024-08-23 22:00:00,8.54
2024-08-23 23:00:00,13.05
2024-08-24,19.71
2024-08-24 01:00:00,21.73
2024-08-24 02:00:00,19.23
2024-08-24 03:00:00,15.96
2024-08-24 04:00:00,10.56
2024-08-24 05:00:00,4.27
2024-08-24 06:00:00,1.68
2024-08-24 07:00:00,0.81
2024-08-24 08:00:00,0.92
2024-08-24 09:00:00,1.66
2024-08-24 10:00:00,2.3
2024-08-24 11:00:00,0.86
2024-08-24 12:00:00,0.91
2024-08-24 13:00:00,1.12
2024-08-24 14:00:00,1.14
2024-08-24 15:00:00,0.69
2024-08-24 16:00:00,0.52
2024-08-24 17:00:00,0.39
2024-08-24 18:00:00,0.53
2024-08-24 19:00:00,0.6
2024-08-24 20:00:00,0.71
2024-08-24 21:00:00,0.7
2024-08-24 22:00:00,0.69
2024-08-24 23:00:00,0.41
2024-08-25,0.42
2024-08-25 01:00:00,0.24
2024-08-25 02:00:00,0.18
2024-08-25 03:00:00,0.25
2024-08-25 04:00:00,0.34
2024-08-25 05:00:00,0.22
2024-08-25 06:00:00,0.12
2024-08-25 07:00:00,0.08
2024-08-25 08:00:00,0.09
2024-08-25 09:00:00,0.08
2024-08-25 10:00:00,0.05
2024-08-25 11:00:00,0
2024-08-25 12:00:00,0
2024-08-25 13:00:00,0
2024-08-25 14:00:00,0
2024-08-25 15:00:00,0
2024-08-25 16:00:00,0
2024-08-25 17:00:00,0
2024-08-25 18:00:00,0
2024-08-25 19:00:00,0
2024-08-25 20:00:00,0
2024-08-25 21:00:00,0
2024-08-25 22:00:00,0
2024-08-25 23:00:00,0
2024-08-26,0
2024-08-26 01:00:00,0
2024-08-26 02:00:00,0
2024-08-26 03:00:00,0
2024-08-26 04:00:00,0
2024-08-26 05:00:00,0
2024-08-26 06:00:00,0
2024-08-26 07:00:00,0
2024-08-26 08:00:00,0
2024-08-26 09:00:00,0
2024-08-26 10:00:00,0
2024-08-26 11:00:00,0
2024-08-26 12:00:00,0
2024-08-26 13:00:00,0
2024-08-26 14:00:00,0
2024-08-26 15:00:00,0
2024-08-26 16:00:00,0
2024-08-26 17:00:00,0
2024-08-26 18:00:00,0
2024-08-26 19:00:00,0
2024-08-26 20:00:00,0
2024-08-26 21:00:00,0
2024-08-26 22:00:00,0
2024-08-26 23:00:00,0
2024-08-27,0
2024-08-27 01:00:00,0
2024-08-27 02:00:00,0
2024-08-27 03:00:00,0
2024-08-27 04:00:00,0
2024-08-27 05:00:00,0
2024-08-27 06:00:00,0
2024-08-27 07:00:00,0.02
2024-08-27 08:00:00,0.03
2024-08-27 09:00:00,0.03
2024-08-27 10:00:00,0.06
2024-08-27 11:00:00,0.37
2024-08-27 12:00:00,0.53
2024-08-27 13:00:00,0.49
2024-08-27 14:00:00,0.45
2024-08-27 15:00:00,0.35
2024-08-27 16:00:00,0.18
2024-08-27 17:00:00,0.06
2024-08-27 18:00:00,0.01
2024-08-27 19:00:00,0
2024-08-27 20:00:00,0
2024-08-27 21:00:00,0
2024-08-27 22:00:00,0
2024-08-27 23:00:00,0
2024-08-28,0
2024-08-28 01:00:00,0
2024-08-28 02:00:00,0
2024-08-28 03:00:00,0
2024-08-28 04:00:00,0
2024-08-28 05:00:00,0
2024-08-28 06:00:00,0.01
2024-08-28 07:00:00,0.02
2024-08-28 08:00:00,0.02
2024-08-28 09:00:00,0.02
2024-08-28 10:00:00,0.02
2024-08-28 11:00:00,0
2024-08-28 12:00:00,0.01
2024-08-28 13:00:00,0
2024-08-28 14:00:00,0
2024-08-28 15:00:00,0
2024-08-28 16:00:00,0
2024-08-28 17:00:00,0
2024-08-28 18:00:00,0
2024-08-28 19:00:00,0
2024-08-28 20:00:00,0
2024-08-28 21:00:00,0
2024-08-28 22:00:00,0
2024-08-28 23:00:00,0
2024-08-29,0
2024-08-29 01:00:00,0
2024-08-29 02:00:00,0
2024-08-29 03:00:00,0
2024-08-29 04:00:00,0
2024-08-29 05:00:00,0
2024-08-29 06:00:00,0
2024-08-29 07:00:00,0
2024-08-29 08:00:00,0
2024-08-29 09:00:00,0
2024-08-29 10:00:00,0
2024-08-29 11:00:00,0
2024-08-29 12:00:00,0
2024-08-29 13:00:00,0
2024-08-29 14:00:00,0
2024-08-29 15:00:00,0
2024-08-29 16:00:00,0
2024-08-29 17:00:00,0
2024-08-29 18:00:00,0
2024-08-29 19:00:00,0
2024-08-29 20:00:00,0
2024-08-29 21:00:00,0
2024-08-29 22:00:00,0
2024-08-29 23:00:00,0
2024-08-30,0
2024-08-30 01:00:00,0
2024-08-30 02:00:00,0
2024-08-30 03:00:00,0
2024-08-30 04:00:00,0
2024-08-30 05:00:00,0
2024-08-30 06:00:00,0
2024-08-30 07:00:00,0
2024-08-30 08:00:00,0
2024-08-30 09:00:00,0
2024-08-30 10:00:00,0
2024-08-30 11:00:00,0
2024-08-30 12:00:00,0
2024-08-30 13:00:00,0
2024-08-30 14:00:00,0
2024-08-30 15:00:00,0
2024-08-30 16:00:00,0
2024-08-30 17:00:00,0
2024-08-30 18:00:00,0
2024-08-30 19:00:00,0
2024-08-30 20:00:00,0
2024-08-30 21:00:00,0
2024-08-30 22:00:00,0
2024-08-30 23:00:00,0
2024-08-31,0
2024-08-31 01:00:00,0
2024-08-31 02:00:00,0
2024-08-31 03:00:00,0
2024-08-31 04:00:00,0
2024-08-31 05:00:00,0
2024-08-31 06:00:00,0
2024-08-31 07:00:00,0
2024-08-31 08:00:00,0
2024-08-31 09:00:00,0
2024-08-31 10:00:00,0
2024-08-31 11:00:00,0
2024-08-31 12:00:00,0
2024-08-31 13:00:00,0
2024-08-31 14:00:00,0
2024-08-31 15:00:00,0.01
2024-08-31 16:00:00,0
2024-08-31 17:00:00,0
2024-08-31 18:00:00,0
2024-08-31 19:00:00,0
2024-08-31 20:00:00,0
2024-08-31 21:00:00,0
2024-08-31 22:00:00,0
2024-08-31 23:00:00,0
2024-09-01,0
2024-09-01 01:00:00,0
2024-09-01 02:00:00,0
2024-09-01 03:00:00,0
2024-09-01 04:00:00,0
2024-09-01 05:00:00,0
2024-09-01 06:00:00,0
2024-09-01 07:00:00,0
2024-09-01 08:00:00,0.76
2024-09-01 09:00:00,0.84
2024-09-01 10:00:00,0.96
2024-09-01 11:00:00,0.04
2024-09-01 12:00:00,0.03
2024-09-01 13:00:00,0.02
2024-09-01 14:00:00,0
2024-09-01 15:00:00,0
2024-09-01 16:00:00,0
2024-09-01 17:00:00,0
2024-09-01 18:00:00,0
2024-09-01 19:00:00,0
2024-09-01 20:00:00,0
2024-09-01 21:00:00,0
2024-09-01 22:00:00,0.02
2024-09-01 23:00:00,0.08
2024-09-02,0.19
2024-09-02 01:00:00,0.23
2024-09-02 02:00:00,0.18
2024-09-02 03:00:00,0.17
2024-09-02 04:00:00,0.2
2024-09-02 05:00:00,0.23
2024-09-02 06:00:00,0.22
2024-09-02 07:00:00,0.19
2024-09-02 08:00:00,0.19
2024-09-02 09:00:00,0.25
2024-09-02 10:00:00,0.29
2024-09-02 11:00:00,0.05
2024-09-02 12:00:00,0.09
2024-09-02 13:00:00,0.11
2024-09-02 14:00:00,0.15
2024-09-02 15:00:00,0.11
2024-09-02 16:00:00,0.06
2024-09-02 17:00:00,0.03
2024-09-02 18:00:00,0.01
2024-09-02 19:00:00,0
2024-09-02 20:00:00,0
2024-09-02 21:00:00,0
2024-09-02 22:00:00,0.01
2024-09-02 23:00:00,0
2024-09-03,0
2024-09-03 01:00:00,0
2024-09-03 02:00:00,0
2024-09-03 03:00:00,0.01
2024-09-03 04:00:00,0.03
2024-09-03 05:00:00,0.03
2024-09-03 06:00:00,0.02
2024-09-03 07:00:00,0.01
2024-09-03 08:00:00,0.01
2024-09-03 09:00:00,0.01
2024-09-03 10:00:00,0.01
2024-09-03 11:00:00,0.75
2024-09-03 12:00:00,1.03
2024-09-03 13:00:00,0.88
2024-09-03 14:00:00,0.53
2024-09-03 15:00:00,0.27
2024-09-03 16:00:00,0.02
2024-09-03 17:00:00,0
2024-09-03 18:00:00,0
2024-09-03 19:00:00,0
2024-09-03 20:00:00,0
2024-09-03 21:00:00,0
2024-09-03 22:00:00,0
2024-09-03 23:00:00,0
2024-09-04,0
2024-09-04 01:00:00,0
2024-09-04 02:00:00,0
2024-09-04 03:00:00,0
2024-09-04 04:00:00,0
2024-09-04 05:00:00,0
2024-09-04 06:00:00,0
2024-09-04 07:00:00,0
2024-09-04 08:00:00,0
2024-09-04 09:00:00,0
2024-09-04 10:00:00,0
2024-09-04 11:00:00,0
2024-09-04 12:00:00,0
2024-09-04 13:00:00,0
2024-09-04 14:00:00,0
2024-09-04 15:00:00,0
2024-09-04 16:00:00,0
2024-09-04 17:00:00,0
2024-09-04 18:00:00,0
2024-09-04 19:00:00,0
2024-09-04 20:00:00,0
2024-09-04 21:00:00,0
2024-09-04 22:00:00,0
2024-09-04 23:00:00,0
2024-09-05,0
2024-09-05 01:00:00,0
2024-09-05 02:00:00,0
2024-09-05 03:00:00,0
2024-09-05 04:00:00,0
2024-09-05 05:00:00,0
2024-09-05 06:00:00,0
2024-09-05 07:00:00,0
2024-09-05 08:00:00,0
2024-09-05 09:00:00,0
2024-09-05 10:00:00,0
2024-09-05 11:00:00,0
2024-09-05 12:00:00,0
2024-09-05 13:00:00,0
2024-09-05 14:00:00,0
2024-09-05 15:00:00,0
2024-09-05 16:00:00,0
2024-09-05 17:00:00,0
2024-09-05 18:00:00,0
2024-09-05 19:00:00,0
2024-09-05 20:00:00,0
2024-09-05 21:00:00,0
2024-09-05 22:00:00,0
2024-09-05 23:00:00,0
2024-09-06,0
2024-09-06 01:00:00,0
2024-09-06 02:00:00,0
2024-09-06 03:00:00,0
2024-09-06 04:00:00,0
2024-09-06 05:00:00,0
2024-09-06 06:00:00,0
2024-09-06 07:00:00,0
2024-09-06 08:00:00,0
2024-09-06 09:00:00,0
2024-09-06 10:00:00,0
2024-09-06 11:00:00,0
2024-09-06 12:00:00,0
2024-09-06 13:00:00,0
2024-09-06 14:00:00,0
2024-09-06 15:00:00,0
2024-09-06 16:00:00,0
2024-09-06 17:00:00,0
2024-09-06 18:00:00,0
2024-09-06 19:00:00,0
2024-09-06 20:00:00,0
2024-09-06 21:00:00,0
2024-09-06 22:00:00,0
2024-09-06 23:00:00,0
2024-09-07,0.01
2024-09-07 01:00:00,0
2024-09-07 02:00:00,0.08
2024-09-07 03:00:00,0.02
2024-09-07 04:00:00,0.08
2024-09-07 05:00:00,0.17
2024-09-07 06:00:00,0.13
2024-09-07 07:00:00,0.6
2024-09-07 08:00:00,0.3
2024-09-07 09:00:00,0.11
2024-09-07 10:00:00,0.67
2024-09-07 11:00:00,0
2024-09-07 12:00:00,0
2024-09-07 13:00:00,0
2024-09-07 14:00:00,0
2024-09-07 15:00:00,0
2024-09-07 16:00:00,0
2024-09-07 17:00:00,0
2024-09-07 18:00:00,0
2024-09-07 19:00:00,0
2024-09-07 20:00:00,0
2024-09-07 21:00:00,0
2024-09-07 22:00:00,0
2024-09-07 23:00:00,0.01
2024-09-08,0.02
2024-09-08 01:00:00,0.04
2024-09-08 02:00:00,0.07
2024-09-08 03:00:00,0.09
2024-09-08 04:00:00,0.09
2024-09-08 05:00:00,0.07
2024-09-08 06:00:00,0.04
2024-09-08 07:00:00,0.02
2024-09-08 08:00:00,0.02
2024-09-08 09:00:00,0.02
2024-09-08 10:00:00,0.02
2024-09-08 11:00:00,0
2024-09-08 12:00:00,0
2024-09-08 13:00:00,0
2024-09-08 14:00:00,0
2024-09-08 15:00:00,0
2024-09-08 16:00:00,0
2024-09-08 17:00:00,0
2024-09-08 18:00:00,0
2024-09-08 19:00:00,0
2024-09-08 20:00:00,0
2024-09-08 21:00:00,0
2024-09-08 22:00:00,0
2024-09-08 23:00:00,0
2024-09-09,0
2024-09-09 01:00:00,0
2024-09-09 02:00:00,0
2024-09-09 03:00:00,0
2024-09-09 04:00:00,0
2024-09-09 05:00:00,0
2024-09-09 06:00:00,0
2024-09-09 07:00:00,0
2024-09-09 08:00:00,0
2024-09-09 09:00:00,0
2024-09-09 10:00:00,0
2024-09-09 11:00:00,0.01
2024-09-09 12:00:00,0.01
2024-09-09 13:00:00,0.01
2024-09-09 14:00:00,0
2024-09-09 15:00:00,0
2024-09-09 16:00:00,0
2024-09-09 17:00:00,0
2024-09-09 18:00:00,0
2024-09-09 19:00:00,0
2024-09-09 20:00:00,0
2024-09-09 21:00:00,0
2024-09-09 22:00:00,0
2024-09-09 23:00:00,0
2024-09-10,0
2024-09-10 01:00:00,0
2024-09-10 02:00:00,0
2024-09-10 03:00:00,0
2024-09-10 04:00:00,0
2024-09-10 05:00:00,0
2024-09-10 06:00:00,0
2024-09-10 07:00:00,0
2024-09-10 08:00:00,0.01
2024-09-10 09:00:00,0.02
2024-09-10 10:00:00,0.02
2024-09-10 11:00:00,0.07
2024-09-10 12:00:00,0.07
2024-09-10 13:00:00,0.06
2024-09-10 14:00:00,0.01
2024-09-10 15:00:00,0
2024-09-10 16:00:00,0
2024-09-10 17:00:00,0
2024-09-10 18:00:00,0
2024-09-10 19:00:00,0
2024-09-10 20:00:00,0
2024-09-10 21:00:00,0
2024-09-10 22:00:00,0
2024-09-10 23:00:00,0
2024-09-11,0
2024-09-11 01:00:00,0
2024-09-11 02:00:00,0
2024-09-11 03:00:00,0
2024-09-11 04:00:00,0
2024-09-11 05:00:00,0
2024-09-11 06:00:00,0.01
2024-09-11 07:00:00,0.03
2024-09-11 08:00:00,1.18
2024-09-11 09:00:00,3.85
2024-09-11 10:00:00,5.88
2024-09-11 11:00:00,13.34
2024-09-11 12:00:00,13.39
2024-09-11 13:00:00,13.93
2024-09-11 14:00:00,15.48
2024-09-11 15:00:00,19.51
2024-09-11 16:00:00,25.58
2024-09-11 17:00:00,28.21
2024-09-11 18:00:00,32.11
2024-09-11 19:00:00,29.92
2024-09-11 20:00:00,22.62
2024-09-11 21:00:00,16.38
2024-09-11 22:00:00,12.62
2024-09-11 23:00:00,15.04
2024-09-12,15.36
2024-09-12 01:00:00,13.84
2024-09-12 02:00:00,13.47
2024-09-12 03:00:00,12.27
2024-09-12 04:00:00,8.18
2024-09-12 05:00:00,6.83
2024-09-12 06:00:00,5.17
2024-09-12 07:00:00,4.8
2024-09-12 08:00:00,4.89
2024-09-12 09:00:00,5.11
2024-09-12 10:00:00,5.69
2024-09-12 11:00:00,1.89
2024-09-12 12:00:00,2.16
2024-09-12 13:00:00,1.98
2024-09-12 14:00:00,1.78
2024-09-12 15:00:00,1.89
2024-09-12 16:00:00,2.19
2024-09-12 17:00:00,2.28
2024-09-12 18:00:00,1.96
2024-09-12 19:00:00,1.46
2024-09-12 20:00:00,0.96
2024-09-12 21:00:00,0.72
2024-09-12 22:00:00,0.53
2024-09-12 23:00:00,0.44
2024-09-13,0.34
2024-09-13 01:00:00,0.27
2024-09-13 02:00:00,0.22
2024-09-13 03:00:00,0.21
2024-09-13 04:00:00,0.18
2024-09-13 05:00:00,0.2
2024-09-13 06:00:00,0.18
2024-09-13 07:00:00,0.15
2024-09-13 08:00:00,0.13
2024-09-13 09:00:00,0.1
2024-09-13 10:00:00,0.07
2024-09-13 11:00:00,0
2024-09-13 12:00:00,0
2024-09-13 13:00:00,0
2024-09-13 14:00:00,0
2024-09-13 15:00:00,0
2024-09-13 16:00:00,0
2024-09-13 17:00:00,0
2024-09-13 18:00:00,0
2024-09-13 19:00:00,0
2024-09-13 20:00:00,0
2024-09-13 21:00:00,0
2024-09-13 22:00:00,0
2024-09-13 23:00:00,0
2024-09-14,0
2024-09-14 01:00:00,0
2024-09-14 02:00:00,0
2024-09-14 03:00:00,0
2024-09-14 04:00:00,0
2024-09-14 05:00:00,0
2024-09-14 06:00:00,0
2024-09-14 07:00:00,0
2024-09-14 08:00:00,0
2024-09-14 09:00:00,0
2024-09-14 10:00:00,0
2024-09-14 11:00:00,0.04
2024-09-14 12:00:00,0.05
2024-09-14 13:00:00,0.05
2024-09-14 14:00:00,0.02
2024-09-14 15:00:00,0.01
2024-09-14 16:00:00,0
2024-09-14 17:00:00,0.02
2024-09-14 18:00:00,0.05
2024-09-14 19:00:00,0.06
2024-09-14 20:00:00,0.11
2024-09-14 21:00:00,0.15
2024-09-14 22:00:00,0.12
2024-09-14 23:00:00,0.18
2024-09-15,0.2
2024-09-15 01:00:00,0.41
2024-09-15 02:00:00,0.83
2024-09-15 03:00:00,1.13
2024-09-15 04:00:00,1.27
2024-09-15 05:00:00,1.33
2024-09-15 06:00:00,1.28
2024-09-15 07:00:00,1.14
2024-09-15 08:00:00,0.79
2024-09-15 09:00:00,0.58
2024-09-15 10:00:00,0.4
2024-09-15 11:00:00,2.17
2024-09-15 12:00:00,1.55
2024-09-15 13:00:00,1.31
2024-09-15 14:00:00,0.81
2024-09-15 15:00:00,0.43
2024-09-15 16:00:00,0.44
2024-09-15 17:00:00,0.41
2024-09-15 18:00:00,0.36
2024-09-15 19:00:00,0.64
2024-09-15 20:00:00,0.96
2024-09-15 21:00:00,0.81
2024-09-15 22:00:00,0.58
2024-09-15 23:00:00,0.36
2024-09-16,0.3
2024-09-16 01:00:00,0.18
2024-09-16 02:00:00,0.08
2024-09-16 03:00:00,0.06
2024-09-16 04:00:00,0.06
2024-09-16 05:00:00,0.1
2024-09-16 06:00:00,0.29
2024-09-16 07:00:00,0.45
2024-09-16 08:00:00,0.48
2024-09-16 09:00:00,0.47
2024-09-16 10:00:00,0.46
2024-09-16 11:00:00,0
2024-09-16 12:00:00,0
2024-09-16 13:00:00,0
2024-09-16 14:00:00,0
2024-09-16 15:00:00,0
2024-09-16 16:00:00,0
2024-09-16 17:00:00,0.01
2024-09-16 18:00:00,0.04
2024-09-16 19:00:00,0.13
2024-09-16 20:00:00,0.27
2024-09-16 21:00:00,0.07
2024-09-16 22:00:00,0.02
2024-09-16 23:00:00,0.01
2024-09-17,0.01
2024-09-17 01:00:00,0
2024-09-17 02:00:00,0
2024-09-17 03:00:00,0
2024-09-17 04:00:00,0.02
2024-09-17 05:00:00,0.11
2024-09-17 06:00:00,0.21
2024-09-17 07:00:00,0.31
2024-09-17 08:00:00,0.29
2024-09-17 09:00:00,0.22
2024-09-17 10:00:00,0.16
2024-09-17 11:00:00,0.38
2024-09-17 12:00:00,0.32
2024-09-17 13:00:00,0.31
2024-09-17 14:00:00,0.45
2024-09-17 15:00:00,0.63
2024-09-17 16:00:00,1.1
2024-09-17 17:00:00,1.76
2024-09-17 18:00:00,2.17
2024-09-17 19:00:00,2.93
2024-09-17 20:00:00,3.54
2024-09-17 21:00:00,3.34
2024-09-17 22:00:00,2.73
2024-09-17 23:00:00,2.62
2024-09-18,3.89
2024-09-18 01:00:00,5.93
2024-09-18 02:00:00,8.48
2024-09-18 03:00:00,8.48
2024-09-18 04:00:00,7.16
2024-09-18 05:00:00,5.17
2024-09-18 06:00:00,2.85
2024-09-18 07:00:00,1.53
2024-09-18 08:00:00,0.44
2024-09-18 09:00:00,0.18
2024-09-18 10:00:00,0.09
2024-09-18 11:00:00,0.01
2024-09-18 12:00:00,0
2024-09-18 13:00:00,0
2024-09-18 14:00:00,0
2024-09-18 15:00:00,0
2024-09-18 16:00:00,0.01
2024-09-18 17:00:00,0.02
2024-09-18 18:00:00,0.03
2024-09-18 19:00:00,0.01
2024-09-18 20:00:00,0
2024-09-18 21:00:00,0
2024-09-18 22:00:00,0
2024-09-18 23:00:00,0
2024-09-19,0
2024-09-19 01:00:00,0
2024-09-19 02:00:00,0
2024-09-19 03:00:00,0
2024-09-19 04:00:00,0
2024-09-19 05:00:00,0.01
2024-09-19 06:00:00,0.02
2024-09-19 07:00:00,0.02
2024-09-19 08:00:00,0.01
2024-09-19 09:00:00,0
2024-09-19 10:00:00,0
2024-09-19 11:00:00,0
2024-09-19 12:00:00,0
2024-09-19 13:00:00,0
2024-09-19 14:00:00,0
2024-09-19 15:00:00,0
2024-09-19 16:00:00,0
2024-09-19 17:00:00,0
2024-09-19 18:00:00,0
2024-09-19 19:00:00,0
2024-09-19 20:00:00,0
2024-09-19 21:00:00,0
2024-09-19 22:00:00,0
2024-09-19 23:00:00,0
2024-09-20,0
2024-09-20 01:00:00,0
2024-09-20 02:00:00,0
2024-09-20 03:00:00,0
2024-09-20 04:00:00,0.01
2024-09-20 05:00:00,0.03
2024-09-20 06:00:00,0.03
2024-09-20 07:00:00,0.06
2024-09-20 08:00:00,0.03
2024-09-20 09:00:00,0.01
2024-09-20 10:00:00,0.01
2024-09-20 11:00:00,0.01
2024-09-20 12:00:00,0.01
2024-09-20 13:00:00,0.01
2024-09-20 14:00:00,0.01
2024-09-20 15:00:00,0
2024-09-20 16:00:00,0
2024-09-20 17:00:00,0
2024-09-20 18:00:00,0
2024-09-20 19:00:00,0
2024-09-20 20:00:00,0
2024-09-20 21:00:00,0
2024-09-20 22:00:00,0
2024-09-20 23:00:00,0
2024-09-21,0
2024-09-21 01:00:00,0
2024-09-21 02:00:00,0
2024-09-21 03:00:00,0
2024-09-21 04:00:00,0
2024-09-21 05:00:00,0
2024-09-21 06:00:00,0
2024-09-21 07:00:00,0
2024-09-21 08:00:00,0
2024-09-21 09:00:00,0
2024-09-21 10:00:00,0
2024-09-21 11:00:00,0
2024-09-21 12:00:00,0
2024-09-21 13:00:00,0
2024-09-21 14:00:00,0
2024-09-21 15:00:00,0
2024-09-21 16:00:00,0
2024-09-21 17:00:00,0
2024-09-21 18:00:00,0
2024-09-21 19:00:00,0
2024-09-21 20:00:00,0
2024-09-21 21:00:00,0
2024-09-21 22:00:00,0
2024-09-21 23:00:00,0
2024-09-22,0
2024-09-22 01:00:00,0
2024-09-22 02:00:00,0
2024-09-22 03:00:00,0
2024-09-22 04:00:00,0
2024-09-22 05:00:00,0
2024-09-22 06:00:00,0
2024-09-22 07:00:00,0
2024-09-22 08:00:00,0
2024-09-22 09:00:00,0
2024-09-22 10:00:00,0
2024-09-22 11:00:00,0
2024-09-22 12:00:00,0
2024-09-22 13:00:00,0
2024-09-22 14:00:00,0
2024-09-22 15:00:00,0
2024-09-22 16:00:00,0
2024-09-22 17:00:00,0
2024-09-22 18:00:00,0
2024-09-22 19:00:00,0
2024-09-22 20:00:00,0
2024-09-22 21:00:00,0
2024-09-22 22:00:00,0
2024-09-22 23:00:00,0
2024-09-23,0
2024-09-23 01:00:00,0
2024-09-23 02:00:00,0
2024-09-23 03:00:00,0
2024-09-23 04:00:00,0
2024-09-23 05:00:00,0
2024-09-23 06:00:00,0
2024-09-23 07:00:00,0.44
2024-09-23 08:00:00,2.72
2024-09-23 09:00:00,0.93
2024-09-23 10:00:00,0.01
2024-09-23 11:00:00,0.02
2024-09-23 12:00:00,0.02
2024-09-23 13:00:00,0.01
2024-09-23 14:00:00,0
2024-09-23 15:00:00,0
2024-09-23 16:00:00,0
2024-09-23 17:00:00,0
2024-09-23 18:00:00,0
2024-09-23 19:00:00,0
2024-09-23 20:00:00,0
2024-09-23 21:00:00,0.06
2024-09-23 22:00:00,0.37
2024-09-23 23:00:00,0.06
2024-09-24,0
2024-09-24 01:00:00,0
2024-09-24 02:00:00,0
2024-09-24 03:00:00,0
2024-09-24 04:00:00,0
2024-09-24 05:00:00,0.01
2024-09-24 06:00:00,0.05
2024-09-24 07:00:00,0.08
2024-09-24 08:00:00,0.09
2024-09-24 09:00:00,0.09
2024-09-24 10:00:00,0.08
2024-09-24 11:00:00,0.05
2024-09-24 12:00:00,0.03
2024-09-24 13:00:00,0.02
2024-09-24 14:00:00,0.01
2024-09-24 15:00:00,0
2024-09-24 16:00:00,0
2024-09-24 17:00:00,0
2024-09-24 18:00:00,0
2024-09-24 19:00:00,0
2024-09-24 20:00:00,0
2024-09-24 21:00:00,0
2024-09-24 22:00:00,0
2024-09-24 23:00:00,0
2024-09-25,0
2024-09-25 01:00:00,0
2024-09-25 02:00:00,0
2024-09-25 03:00:00,0
2024-09-25 04:00:00,0
2024-09-25 05:00:00,0
2024-09-25 06:00:00,0
2024-09-25 07:00:00,0
2024-09-25 08:00:00,0
2024-09-25 09:00:00,0
2024-09-25 10:00:00,0
2024-09-25 11:00:00,0.08
2024-09-25 12:00:00,0.08
2024-09-25 13:00:00,0.07
2024-09-25 14:00:00,0.07
2024-09-25 15:00:00,0.13
2024-09-25 16:00:00,1.4
2024-09-25 17:00:00,5.61
2024-09-25 18:00:00,10.52
2024-09-25 19:00:00,16.48
2024-09-25 20:00:00,20.21
2024-09-25 21:00:00,15.56
2024-09-25 22:00:00,10.19
2024-09-25 23:00:00,11.93
2024-09-26,16.03
2024-09-26 01:00:00,12.65
2024-09-26 02:00:00,5.76
2024-09-26 03:00:00,2.77
2024-09-26 04:00:00,1.64
2024-09-26 05:00:00,0.99
2024-09-26 06:00:00,0.64
2024-09-26 07:00:00,0.42
2024-09-26 08:00:00,0.27
2024-09-26 09:00:00,0.19
2024-09-26 10:00:00,0.15
2024-09-26 11:00:00,0.01
2024-09-26 12:00:00,0
2024-09-26 13:00:00,0
2024-09-26 14:00:00,0
2024-09-26 15:00:00,0
2024-09-26 16:00:00,0
2024-09-26 17:00:00,0
2024-09-26 18:00:00,0
2024-09-26 19:00:00,0
2024-09-26 20:00:00,0
2024-09-26 21:00:00,0
2024-09-26 22:00:00,0
2024-09-26 23:00:00,0
2024-09-27,0
2024-09-27 01:00:00,0
2024-09-27 02:00:00,0
2024-09-27 03:00:00,0
2024-09-27 04:00:00,0
2024-09-27 05:00:00,0
2024-09-27 06:00:00,0
2024-09-27 07:00:00,0
2024-09-27 08:00:00,0
2024-09-27 09:00:00,0.01
2024-09-27 10:00:00,0.02
2024-09-27 11:00:00,0.03
2024-09-27 12:00:00,0.03
2024-09-27 13:00:00,0.02
2024-09-27 14:00:00,0.01
2024-09-27 15:00:00,0.01
2024-09-27 16:00:00,0.01
2024-09-27 17:00:00,0
2024-09-27 18:00:00,0
2024-09-27 19:00:00,0
2024-09-27 20:00:00,0
2024-09-27 21:00:00,0
2024-09-27 22:00:00,0
2024-09-27 23:00:00,0
2024-09-28,0
2024-09-28 01:00:00,0
2024-09-28 02:00:00,0
2024-09-28 03:00:00,0
2024-09-28 04:00:00,0
2024-09-28 05:00:00,0
2024-09-28 06:00:00,0
2024-09-28 07:00:00,0
2024-09-28 08:00:00,0
2024-09-28 09:00:00,0
2024-09-28 10:00:00,0
2024-09-28 11:00:00,0.01
2024-09-28 12:00:00,0.01
2024-09-28 13:00:00,0.01
2024-09-28 14:00:00,0
2024-09-28 15:00:00,0
2024-09-28 16:00:00,0
2024-09-28 17:00:00,0
2024-09-28 18:00:00,0
2024-09-28 19:00:00,0
2024-09-28 20:00:00,0
2024-09-28 21:00:00,0
2024-09-28 22:00:00,0
2024-09-28 23:00:00,0
2024-09-29,0
2024-09-29 01:00:00,0
2024-09-29 02:00:00,0
2024-09-29 03:00:00,0.01
2024-09-29 04:00:00,0.04
2024-09-29 05:00:00,0.05
2024-09-29 06:00:00,0.05
2024-09-29 07:00:00,0.06
2024-09-29 08:00:00,0.03
2024-09-29 09:00:00,0.02
2024-09-29 10:00:00,0.01
2024-09-29 11:00:00,0
2024-09-29 12:00:00,0
2024-09-29 13:00:00,0
2024-09-29 14:00:00,0
2024-09-29 15:00:00,0
2024-09-29 16:00:00,0
2024-09-29 17:00:00,0
2024-09-29 18:00:00,0
2024-09-29 19:00:00,0
2024-09-29 20:00:00,0
2024-09-29 21:00:00,0
2024-09-29 22:00:00,0
2024-09-29 23:00:00,0
2024-09-30,0
2024-09-30 01:00:00,0
2024-09-30 02:00:00,0
2024-09-30 03:00:00,0
2024-09-30 04:00:00,0
2024-09-30 05:00:00,0
2024-09-30 06:00:00,0
2024-09-30 07:00:00,0
2024-09-30 08:00:00,0
2024-09-30 09:00:00,0
2024-09-30 10:00:00,0
2024-09-30 11:00:00,0
2024-09-30 12:00:00,0
2024-09-30 13:00:00,0
2024-09-30 14:00:00,0
2024-09-30 15:00:00,0
2024-09-30 16:00:00,0
2024-09-30 17:00:00,0
2024-09-30 18:00:00,0
2024-09-30 19:00:00,0
2024-09-30 20:00:00,0
2024-09-30 21:00:00,0
2024-09-30 22:00:00,0
2024-09-30 23:00:00,0
2024-10-01,0
2024-10-01 01:00:00,0
2024-10-01 02:00:00,0
2024-10-01 03:00:00,0
2024-10-01 04:00:00,0
2024-10-01 05:00:00,0
2024-10-01 06:00:00,0
2024-10-01 07:00:00,0
2024-10-01 08:00:00,0
2024-10-01 09:00:00,0
2024-10-01 10:00:00,0
2024-10-01 11:00:00,0
2024-10-01 12:00:00,0
2024-10-01 13:00:00,0
2024-10-01 14:00:00,0
2024-10-01 15:00:00,0
2024-10-01 16:00:00,0
2024-10-01 17:00:00,0
2024-10-01 18:00:00,0
2024-10-01 19:00:00,0
2024-10-01 20:00:00,0
2024-10-01 21:00:00,0
2024-10-01 22:00:00,0
2024-10-01 23:00:00,0
2024-10-02,0
2024-10-02 01:00:00,0
2024-10-02 02:00:00,0
2024-10-02 03:00:00,0
2024-10-02 04:00:00,0
2024-10-02 05:00:00,0.03
2024-10-02 06:00:00,0.09
2024-10-02 07:00:00,0.13
2024-10-02 08:00:00,0.05
2024-10-02 09:00:00,0.01
2024-10-02 10:00:00,0
2024-10-02 11:00:00,0
2024-10-02 12:00:00,0
2024-10-02 13:00:00,0
2024-10-02 14:00:00,0
2024-10-02 15:00:00,0
2024-10-02 16:00:00,0
2024-10-02 17:00:00,0
2024-10-02 18:00:00,0
2024-10-02 19:00:00,0
2024-10-02 20:00:00,0
2024-10-02 21:00:00,0
2024-10-02 22:00:00,0
2024-10-02 23:00:00,0
2024-10-03,0
2024-10-03 01:00:00,0
2024-10-03 02:00:00,0
2024-10-03 03:00:00,0
2024-10-03 04:00:00,0
2024-10-03 05:00:00,0
2024-10-03 06:00:00,0
2024-10-03 07:00:00,0
2024-10-03 08:00:00,0
2024-10-03 09:00:00,0
2024-10-03 10:00:00,0
2024-10-03 11:00:00,0
2024-10-03 12:00:00,0
2024-10-03 13:00:00,0
2024-10-03 14:00:00,0
2024-10-03 15:00:00,0
2024-10-03 16:00:00,0
2024-10-03 17:00:00,0
2024-10-03 18:00:00,0
2024-10-03 19:00:00,0
2024-10-03 20:00:00,0
2024-10-03 21:00:00,0
2024-10-03 22:00:00,0
2024-10-03 23:00:00,0
2024-10-04,0
2024-10-04 01:00:00,0
2024-10-04 02:00:00,0
2024-10-04 03:00:00,0
2024-10-04 04:00:00,0
2024-10-04 05:00:00,0
2024-10-04 06:00:00,0
2024-10-04 07:00:00,0
2024-10-04 08:00:00,0
2024-10-04 09:00:00,0
2024-10-04 10:00:00,0
2024-10-04 11:00:00,0.03
2024-10-04 12:00:00,0.05
2024-10-04 13:00:00,0.05
2024-10-04 14:00:00,0.09
2024-10-04 15:00:00,0.49
2024-10-04 16:00:00,3.29
2024-10-04 17:00:00,10.93
2024-10-04 18:00:00,16.63
2024-10-04 19:00:00,12.69
2024-10-04 20:00:00,5.05
2024-10-04 21:00:00,1.81
2024-10-04 22:00:00,0.98
2024-10-04 23:00:00,0.59
2024-10-05,0.37
2024-10-05 01:00:00,0.24
2024-10-05 02:00:00,0.15
2024-10-05 03:00:00,0.09
2024-10-05 04:00:00,0.06
2024-10-05 05:00:00,0.03
2024-10-05 06:00:00,0.02
2024-10-05 07:00:00,0.02
2024-10-05 08:00:00,0.02
2024-10-05 09:00:00,0.03
2024-10-05 10:00:00,0.04
2024-10-05 11:00:00,0
2024-10-05 12:00:00,0
2024-10-05 13:00:00,0
2024-10-05 14:00:00,0
2024-10-05 15:00:00,0
2024-10-05 16:00:00,0
2024-10-05 17:00:00,0
2024-10-05 18:00:00,0
2024-10-05 19:00:00,0
2024-10-05 20:00:00,0
2024-10-05 21:00:00,0
2024-10-05 22:00:00,0
2024-10-05 23:00:00,0
2024-10-06,0
2024-10-06 01:00:00,0
2024-10-06 02:00:00,0
2024-10-06 03:00:00,0
2024-10-06 04:00:00,0
2024-10-06 05:00:00,0
2024-10-06 06:00:00,0
2024-10-06 07:00:00,0
2024-10-06 08:00:00,0
2024-10-06 09:00:00,0
2024-10-06 10:00:00,0
2024-10-06 11:00:00,0
2024-10-06 12:00:00,0
2024-10-06 13:00:00,0
2024-10-06 14:00:00,0
2024-10-06 15:00:00,0
2024-10-06 16:00:00,0
2024-10-06 17:00:00,0
2024-10-06 18:00:00,0
2024-10-06 19:00:00,0
2024-10-06 20:00:00,0
2024-10-06 21:00:00,0
2024-10-06 22:00:00,0
2024-10-06 23:00:00,0
2024-10-07,0
2024-10-07 01:00:00,0
2024-10-07 02:00:00,0
2024-10-07 03:00:00,0
2024-10-07 04:00:00,0
2024-10-07 05:00:00,0
2024-10-07 06:00:00,0
2024-10-07 07:00:00,0
2024-10-07 08:00:00,0
2024-10-07 09:00:00,0
2024-10-07 10:00:00,0
2024-10-07 11:00:00,0
2024-10-07 12:00:00,0
2024-10-07 13:00:00,0
2024-10-07 14:00:00,0
2024-10-07 15:00:00,0
2024-10-07 16:00:00,0
2024-10-07 17:00:00,0
2024-10-07 18:00:00,0
2024-10-07 19:00:00,0
2024-10-07 20:00:00,0
2024-10-07 21:00:00,0
2024-10-07 22:00:00,0
2024-10-07 23:00:00,0
2024-10-08,0
2024-10-08 01:00:00,0
2024-10-08 02:00:00,0
2024-10-08 03:00:00,0
2024-10-08 04:00:00,0
2024-10-08 05:00:00,0
2024-10-08 06:00:00,0
2024-10-08 07:00:00,0
2024-10-08 08:00:00,0
2024-10-08 09:00:00,0
2024-10-08 10:00:00,0
2024-10-08 11:00:00,0
2024-10-08 12:00:00,0
2024-10-08 13:00:00,0
2024-10-08 14:00:00,0
2024-10-08 15:00:00,0
2024-10-08 16:00:00,0
2024-10-08 17:00:00,0
2024-10-08 18:00:00,0
2024-10-08 19:00:00,0
2024-10-08 20:00:00,0
2024-10-08 21:00:00,0
2024-10-08 22:00:00,0
2024-10-08 23:00:00,0
2024-10-09,0
2024-10-09 01:00:00,0
2024-10-09 02:00:00,0
2024-10-09 03:00:00,0
2024-10-09 04:00:00,0.06
2024-10-09 05:00:00,0.25
2024-10-09 06:00:00,0.41
2024-10-09 07:00:00,0.41
2024-10-09 08:00:00,0.34
2024-10-09 09:00:00,0.34
2024-10-09 10:00:00,0.37
2024-10-09 11:00:00,0.17
2024-10-09 12:00:00,0.2
2024-10-09 13:00:00,0.23
2024-10-09 14:00:00,0.34
2024-10-09 15:00:00,0.41
2024-10-09 16:00:00,0.39
2024-10-09 17:00:00,0.37
2024-10-09 18:00:00,0.28
2024-10-09 19:00:00,0.21
2024-10-09 20:00:00,0.14
2024-10-09 21:00:00,0.1
2024-10-09 22:00:00,0.06
2024-10-09 23:00:00,0.04
2024-10-10,0.02
2024-10-10 01:00:00,0.01
2024-10-10 02:00:00,0.01
2024-10-10 03:00:00,0
2024-10-10 04:00:00,0
2024-10-10 05:00:00,0
2024-10-10 06:00:00,0
2024-10-10 07:00:00,0
2024-10-10 08:00:00,0
2024-10-10 09:00:00,0
2024-10-10 10:00:00,0
2024-10-10 11:00:00,0
2024-10-10 12:00:00,0
2024-10-10 13:00:00,0
2024-10-10 14:00:00,0
2024-10-10 15:00:00,0
2024-10-10 16:00:00,0
2024-10-10 17:00:00,0
2024-10-10 18:00:00,0
2024-10-10 19:00:00,0
2024-10-10 20:00:00,0
2024-10-10 21:00:00,0
2024-10-10 22:00:00,0
2024-10-10 23:00:00,0
2024-10-11,0
2024-10-11 01:00:00,0
2024-10-11 02:00:00,0
2024-10-11 03:00:00,0
2024-10-11 04:00:00,0
2024-10-11 05:00:00,0
2024-10-11 06:00:00,0
2024-10-11 07:00:00,0
2024-10-11 08:00:00,0
2024-10-11 09:00:00,0
2024-10-11 10:00:00,0
2024-10-11 11:00:00,0
2024-10-11 12:00:00,0
2024-10-11 13:00:00,0
2024-10-11 14:00:00,0
2024-10-11 15:00:00,0
2024-10-11 16:00:00,0
2024-10-11 17:00:00,0
2024-10-11 18:00:00,0
2024-10-11 19:00:00,0
2024-10-11 20:00:00,0
2024-10-11 21:00:00,0
2024-10-11 22:00:00,0
2024-10-11 23:00:00,0
2024-10-12,0
2024-10-12 01:00:00,0
2024-10-12 02:00:00,0
2024-10-12 03:00:00,0
2024-10-12 04:00:00,0
2024-10-12 05:00:00,0
2024-10-12 06:00:00,0
2024-10-12 07:00:00,0
2024-10-12 08:00:00,0
2024-10-12 09:00:00,0
2024-10-12 10:00:00,0
2024-10-12 11:00:00,0
2024-10-12 12:00:00,0.03
2024-10-12 13:00:00,0.04
2024-10-12 14:00:00,0
2024-10-12 15:00:00,0
2024-10-12 16:00:00,0
2024-10-12 17:00:00,0
2024-10-12 18:00:00,0
2024-10-12 19:00:00,0.01
2024-10-12 20:00:00,0.03
2024-10-12 21:00:00,0.05
2024-10-12 22:00:00,0.01
2024-10-12 23:00:00,0
2024-10-13,0
2024-10-13 01:00:00,0
2024-10-13 02:00:00,0
2024-10-13 03:00:00,0
2024-10-13 04:00:00,0
2024-10-13 05:00:00,0
2024-10-13 06:00:00,0
2024-10-13 07:00:00,0.02
2024-10-13 08:00:00,0.01
2024-10-13 09:00:00,0
2024-10-13 10:00:00,0
2024-10-13 11:00:00,0
2024-10-13 12:00:00,0
2024-10-13 13:00:00,0
2024-10-13 14:00:00,0
2024-10-13 15:00:00,0
2024-10-13 16:00:00,0
2024-10-13 17:00:00,0
2024-10-13 18:00:00,0
2024-10-13 19:00:00,0
2024-10-13 20:00:00,0
2024-10-13 21:00:00,0
2024-10-13 22:00:00,0
2024-10-13 23:00:00,0
2024-10-14,0
2024-10-14 01:00:00,0
2024-10-14 02:00:00,0
2024-10-14 03:00:00,0
2024-10-14 04:00:00,0
2024-10-14 05:00:00,0
2024-10-14 06:00:00,0
2024-10-14 07:00:00,0
2024-10-14 08:00:00,0
2024-10-14 09:00:00,0
2024-10-14 10:00:00,0
2024-10-14 11:00:00,0.01
2024-10-14 12:00:00,0.02
2024-10-14 13:00:00,0.02
2024-10-14 14:00:00,0.02
2024-10-14 15:00:00,0.02
2024-10-14 16:00:00,0.02
2024-10-14 17:00:00,0.02
2024-10-14 18:00:00,0
2024-10-14 19:00:00,0
2024-10-14 20:00:00,0
2024-10-14 21:00:00,0
2024-10-14 22:00:00,0
2024-10-14 23:00:00,0
2024-10-15,0.01
2024-10-15 01:00:00,0.02
2024-10-15 02:00:00,0.03
2024-10-15 03:00:00,0.04
2024-10-15 04:00:00,0.06
2024-10-15 05:00:00,0.04
2024-10-15 06:00:00,0.04
2024-10-15 07:00:00,0.1
2024-10-15 08:00:00,0.12
2024-10-15 09:00:00,0.16
2024-10-15 10:00:00,0.23
2024-10-15 11:00:00,0.27
2024-10-15 12:00:00,0.34
2024-10-15 13:00:00,0.39
2024-10-15 14:00:00,0.4
2024-10-15 15:00:00,0.4
2024-10-15 16:00:00,0.39
2024-10-15 17:00:00,0.33
2024-10-15 18:00:00,0.27
2024-10-15 19:00:00,0.21
2024-10-15 20:00:00,0.15
2024-10-15 21:00:00,0.16
2024-10-15 22:00:00,0.29
2024-10-15 23:00:00,0.43
2024-10-16,0.89
2024-10-16 01:00:00,1.38
2024-10-16 02:00:00,1.23
2024-10-16 03:00:00,1.41
2024-10-16 04:00:00,1.5
2024-10-16 05:00:00,0.98
2024-10-16 06:00:00,0.29
2024-10-16 07:00:00,0.37
2024-10-16 08:00:00,0.33
2024-10-16 09:00:00,0.19
2024-10-16 10:00:00,0.1
2024-10-16 11:00:00,0.24
2024-10-16 12:00:00,0.39
2024-10-16 13:00:00,1.21
2024-10-16 14:00:00,2.01
2024-10-16 15:00:00,3.16
2024-10-16 16:00:00,4.33
2024-10-16 17:00:00,4.35
2024-10-16 18:00:00,4.37
2024-10-16 19:00:00,4.59
2024-10-16 20:00:00,4.47
2024-10-16 21:00:00,4.23
2024-10-16 22:00:00,3.45
2024-10-16 23:00:00,3.44
2024-10-17,3.51
2024-10-17 01:00:00,2.61
2024-10-17 02:00:00,1.63
2024-10-17 03:00:00,1.33
2024-10-17 04:00:00,0.94
2024-10-17 05:00:00,0.8
2024-10-17 06:00:00,1.66
2024-10-17 07:00:00,4.47
2024-10-17 08:00:00,9.15
2024-10-17 09:00:00,13.37
2024-10-17 10:00:00,13.86
2024-10-17 11:00:00,35.27
2024-10-17 12:00:00,25.88
2024-10-17 13:00:00,18.28
2024-10-17 14:00:00,13.62
2024-10-17 15:00:00,11.15
2024-10-17 16:00:00,9.18
2024-10-17 17:00:00,7.11
2024-10-17 18:00:00,6.8
2024-10-17 19:00:00,5.83
2024-10-17 20:00:00,4.51
2024-10-17 21:00:00,4.66
2024-10-17 22:00:00,4.17
2024-10-17 23:00:00,2.3
2024-10-18,1.41
2024-10-18 01:00:00,1.03
2024-10-18 02:00:00,0.8
2024-10-18 03:00:00,0.59
2024-10-18 04:00:00,0.41
2024-10-18 05:00:00,0.21
2024-10-18 06:00:00,0.17
2024-10-18 07:00:00,0.14
2024-10-18 08:00:00,0.09
2024-10-18 09:00:00,0.05
2024-10-18 10:00:00,0.01
2024-10-18 11:00:00,0
2024-10-18 12:00:00,0
2024-10-18 13:00:00,0
2024-10-18 14:00:00,0
2024-10-18 15:00:00,0
2024-10-18 16:00:00,0
2024-10-18 17:00:00,0
2024-10-18 18:00:00,0
2024-10-18 19:00:00,0
2024-10-18 20:00:00,0
2024-10-18 21:00:00,0
2024-10-18 22:00:00,0
2024-10-18 23:00:00,0
2024-10-19,0.06
2024-10-19 01:00:00,0.19
2024-10-19 02:00:00,0.18
2024-10-19 03:00:00,0.08
2024-10-19 04:00:00,0.06
2024-10-19 05:00:00,0.05
2024-10-19 06:00:00,0.04
2024-10-19 07:00:00,0.02
2024-10-19 08:00:00,0
2024-10-19 09:00:00,0
2024-10-19 10:00:00,0
2024-10-19 11:00:00,0
2024-10-19 12:00:00,0
2024-10-19 13:00:00,0
2024-10-19 14:00:00,0
2024-10-19 15:00:00,0
2024-10-19 16:00:00,0
2024-10-19 17:00:00,0
2024-10-19 18:00:00,0
2024-10-19 19:00:00,0
2024-10-19 20:00:00,0
2024-10-19 21:00:00,0
2024-10-19 22:00:00,0
2024-10-19 23:00:00,0
2024-10-20,0
2024-10-20 01:00:00,0
2024-10-20 02:00:00,0
2024-10-20 03:00:00,0
2024-10-20 04:00:00,0
2024-10-20 05:00:00,0
2024-10-20 06:00:00,0
2024-10-20 07:00:00,0
2024-10-20 08:00:00,0
2024-10-20 09:00:00,0
2024-10-20 10:00:00,0
2024-10-20 11:00:00,0
2024-10-20 12:00:00,0
2024-10-20 13:00:00,0
2024-10-20 14:00:00,0
2024-10-20 15:00:00,0
2024-10-20 16:00:00,0.03
2024-10-20 17:00:00,0.03
2024-10-20 18:00:00,0.03
2024-10-20 19:00:00,0.03
2024-10-20 20:00:00,0.09
2024-10-20 21:00:00,0.13
2024-10-20 22:00:00,0.13
2024-10-20 23:00:00,0.14
2024-10-21,0.48
2024-10-21 01:00:00,1.27
2024-10-21 02:00:00,3.62
2024-10-21 03:00:00,6.93
2024-10-21 04:00:00,11.36
2024-10-21 05:00:00,10.49
2024-10-21 06:00:00,12.04
2024-10-21 07:00:00,14.47
2024-10-21 08:00:00,21.11
2024-10-21 09:00:00,43.67
2024-10-21 10:00:00,60.69
2024-10-21 11:00:00,35.51
2024-10-21 12:00:00,23.41
2024-10-21 13:00:00,14.94
2024-10-21 14:00:00,10.98
2024-10-21 15:00:00,9.73
2024-10-21 16:00:00,10.42
2024-10-21 17:00:00,11.03
2024-10-21 18:00:00,16.22
2024-10-21 19:00:00,14.94
2024-10-21 20:00:00,16.11
2024-10-21 21:00:00,16.58
2024-10-21 22:00:00,13.11
2024-10-21 23:00:00,12.28
2024-10-22,9.2
2024-10-22 01:00:00,2.69
2024-10-22 02:00:00,2.16
2024-10-22 03:00:00,2.26
2024-10-22 04:00:00,1.75
2024-10-22 05:00:00,1.11
2024-10-22 06:00:00,0.81
2024-10-22 07:00:00,0.41
2024-10-22 08:00:00,0.23
2024-10-22 09:00:00,0.16
2024-10-22 10:00:00,0.11
2024-10-22 11:00:00,0
2024-10-22 12:00:00,0
2024-10-22 13:00:00,0
2024-10-22 14:00:00,0
2024-10-22 15:00:00,0
2024-10-22 16:00:00,0
2024-10-22 17:00:00,0
2024-10-22 18:00:00,0
2024-10-22 19:00:00,0
2024-10-22 20:00:00,0
2024-10-22 21:00:00,0
2024-10-22 22:00:00,0
2024-10-22 23:00:00,0
2024-10-23,0
2024-10-23 01:00:00,0
2024-10-23 02:00:00,0
2024-10-23 03:00:00,0
2024-10-23 04:00:00,0
2024-10-23 05:00:00,0
2024-10-23 06:00:00,0
2024-10-23 07:00:00,0
2024-10-23 08:00:00,0
2024-10-23 09:00:00,0
2024-10-23 10:00:00,0
2024-10-23 11:00:00,0.08
2024-10-23 12:00:00,0.11
2024-10-23 13:00:00,0.16
2024-10-23 15:00:00,0.28
2024-10-23 16:00:00,0.33
2024-10-23 17:00:00,0.42
2024-10-23 18:00:00,0.94
2024-10-23 19:00:00,1.66
2024-10-23 20:00:00,1.75
2024-10-23 21:00:00,1.39
2024-10-23 22:00:00,0.59
2024-10-23 23:00:00,0.25
2024-10-24,0.13
2024-10-24 01:00:00,0.25
2024-10-24 02:00:00,0.4
2024-10-24 03:00:00,0.48
2024-10-24 04:00:00,0.3
2024-10-24 05:00:00,0.15
2024-10-24 06:00:00,0.09
2024-10-24 07:00:00,0.1
2024-10-24 08:00:00,0.06
2024-10-24 09:00:00,0.06
2024-10-24 10:00:00,0.04
2024-10-24 11:00:00,0.02
2024-10-24 12:00:00,0.01
2024-10-24 13:00:00,0
2024-10-24 14:00:00,0
2024-10-24 15:00:00,0
2024-10-24 16:00:00,0
2024-10-24 17:00:00,0
2024-10-24 18:00:00,0
2024-10-24 19:00:00,0
2024-10-24 20:00:00,0
2024-10-24 21:00:00,0
2024-10-24 22:00:00,0
2024-10-24 23:00:00,0
2024-10-25,0
2024-10-25 01:00:00,0
2024-10-25 02:00:00,0
2024-10-25 03:00:00,0
2024-10-25 04:00:00,0
2024-10-25 05:00:00,0
2024-10-25 06:00:00,0
2024-10-25 07:00:00,0
2024-10-25 08:00:00,0
2024-10-25 09:00:00,0
2024-10-25 10:00:00,0
2024-10-25 11:00:00,0
2024-10-25 12:00:00,0
2024-10-25 13:00:00,0
2024-10-25 14:00:00,0
2024-10-25 15:00:00,0
2024-10-25 16:00:00,0
2024-10-25 17:00:00,0
2024-10-25 18:00:00,0
2024-10-25 19:00:00,0
2024-10-25 20:00:00,0
2024-10-25 21:00:00,0
2024-10-25 22:00:00,0
2024-10-25 23:00:00,0
2024-10-26,0
2024-10-26 01:00:00,0.01
2024-10-26 02:00:00,0.09
2024-10-26 03:00:00,0.13
2024-10-26 04:00:00,0.38
2024-10-26 05:00:00,0.72
2024-10-26 06:00:00,0.75
2024-10-26 07:00:00,0.84
2024-10-26 08:00:00,0.68
2024-10-26 09:00:00,0.46
2024-10-26 10:00:00,0.34
2024-10-26 11:00:00,1.56
2024-10-26 12:00:00,0.68
2024-10-26 13:00:00,0.26
2024-10-26 14:00:00,0.12
2024-10-26 15:00:00,0.12
2024-10-26 16:00:00,0.16
2024-10-26 17:00:00,0.45
2024-10-26 18:00:00,0.85
2024-10-26 19:00:00,1.39
2024-10-26 20:00:00,2.42
2024-10-26 21:00:00,3.86
2024-10-26 22:00:00,4.61
2024-10-26 23:00:00,5.21
2024-10-27,4.07
2024-10-27 01:00:00,2.97
2024-10-27 02:00:00,3.28
2024-10-27 03:00:00,4.96
2024-10-27 04:00:00,10.64
2024-10-27 05:00:00,18.03
2024-10-27 06:00:00,23.76
2024-10-27 07:00:00,25.48
2024-10-27 08:00:00,24.6
2024-10-27 09:00:00,39.21
2024-10-27 10:00:00,58.89
2024-10-27 11:00:00,77.68
2024-10-27 12:00:00,37.7
2024-10-27 13:00:00,12.39
2024-10-27 14:00:00,4.73
2024-10-27 15:00:00,4.62
2024-10-27 16:00:00,3.15
2024-10-27 17:00:00,1.9
2024-10-27 18:00:00,2.48
2024-10-27 19:00:00,2.96
2024-10-27 20:00:00,6.13
2024-10-27 21:00:00,7.37
2024-10-27 22:00:00,9.81
2024-10-27 23:00:00,15.04
2024-10-28,18.93
2024-10-28 01:00:00,22.72
2024-10-28 02:00:00,23.16
2024-10-28 03:00:00,21.09
2024-10-28 04:00:00,18.46
2024-10-28 05:00:00,17.67
2024-10-28 06:00:00,13.86
2024-10-28 07:00:00,10.73
2024-10-28 08:00:00,8.16
2024-10-28 09:00:00,7.1
2024-10-28 10:00:00,6.1
2024-10-28 11:00:00,3.34
2024-10-28 12:00:00,2.96
2024-10-28 13:00:00,2.96
2024-10-28 14:00:00,5.5
2024-10-28 15:00:00,10.29
2024-10-28 16:00:00,15.55
2024-10-28 17:00:00,20.47
2024-10-28 18:00:00,23.58
2024-10-28 19:00:00,21.13
2024-10-28 20:00:00,16.02
2024-10-28 21:00:00,10.74
2024-10-28 22:00:00,8.26
2024-10-28 23:00:00,5.6
2024-10-29,4.48
2024-10-29 01:00:00,5.87
2024-10-29 02:00:00,4.97
2024-10-29 03:00:00,5.33
2024-10-29 04:00:00,5.42
2024-10-29 05:00:00,4.58
2024-10-29 06:00:00,3.64
2024-10-29 07:00:00,3
2024-10-29 08:00:00,2.86
2024-10-29 09:00:00,2.72
2024-10-29 10:00:00,2.77
2024-10-29 11:00:00,1.54
2024-10-29 12:00:00,1.42
2024-10-29 13:00:00,1.06
2024-10-29 14:00:00,1.06
2024-10-29 15:00:00,0.93
2024-10-29 16:00:00,0.77
2024-10-29 17:00:00,0.77
2024-10-29 18:00:00,0.8
2024-10-29 19:00:00,0.54
2024-10-29 20:00:00,0.25
2024-10-29 21:00:00,0.09
2024-10-29 22:00:00,0.02
2024-10-29 23:00:00,0
2024-10-30,0
2024-10-30 01:00:00,0
2024-10-30 02:00:00,0
2024-10-30 03:00:00,0
2024-10-30 04:00:00,0
2024-10-30 05:00:00,0
2024-10-30 06:00:00,0
2024-10-30 07:00:00,0
2024-10-30 08:00:00,0
2024-10-30 09:00:00,0
2024-10-30 10:00:00,0
2024-10-30 11:00:00,0
2024-10-30 12:00:00,0.01
2024-10-30 13:00:00,0.19
2024-10-30 14:00:00,2.09
2024-10-30 15:00:00,5.8
2024-10-30 16:00:00,14.07
2024-10-30 17:00:00,24.43
2024-10-30 18:00:00,39.17
2024-10-30 19:00:00,45.46
2024-10-30 20:00:00,42.05
2024-10-30 21:00:00,32.19
2024-10-30 22:00:00,26.61
2024-10-30 23:00:00,20.85
2024-10-31,12.93
2024-10-31 01:00:00,9.21
2024-10-31 02:00:00,6.59
2024-10-31 03:00:00,6.38
2024-10-31 04:00:00,5.16
2024-10-31 05:00:00,4.37
2024-10-31 06:00:00,3.85
2024-10-31 07:00:00,3.55
2024-10-31 08:00:00,3.75
2024-10-31 09:00:00,3.7
2024-10-31 10:00:00,5.37
2024-10-31 11:00:00,5.96
2024-10-31 12:00:00,9.65
2024-10-31 13:00:00,13.09
2024-10-31 14:00:00,11.76
2024-10-31 15:00:00,12.91
2024-10-31 16:00:00,19.3
2024-10-31 17:00:00,23.9
2024-10-31 18:00:00,21.73
2024-10-31 19:00:00,15.3
2024-10-31 20:00:00,16.36
2024-10-31 21:00:00,19.09
2024-10-31 22:00:00,21
2024-10-31 23:00:00,21.79
2024-11-01,22.04
2024-11-01 01:00:00,20.97
2024-11-01 02:00:00,19.6
2024-11-01 03:00:00,20.87
2024-11-01 04:00:00,21.25
2024-11-01 05:00:00,19.38
2024-11-01 06:00:00,15.87
2024-11-01 07:00:00,13.52
2024-11-01 08:00:00,17.46
2024-11-01 09:00:00,22.06
2024-11-01 10:00:00,19.79
2024-11-01 11:00:00,45.9
2024-11-01 12:00:00,98.67
2024-11-01 13:00:00,64.25
2024-11-01 14:00:00,48.18
2024-11-01 15:00:00,61.3
2024-11-01 16:00:00,95.91
2024-11-01 17:00:00,75.95
2024-11-01 18:00:00,26.16
2024-11-01 19:00:00,19.62
2024-11-01 20:00:00,21.33
2024-11-01 21:00:00,15.34
2024-11-01 22:00:00,13.83
2024-11-01 23:00:00,11.8
2024-11-02,9.15
2024-11-02 01:00:00,7.01
2024-11-02 02:00:00,5.11
2024-11-02 03:00:00,3.88
2024-11-02 04:00:00,3.82
2024-11-02 05:00:00,5.17
2024-11-02 06:00:00,9.04
2024-11-02 07:00:00,12.36
2024-11-02 08:00:00,12.44
2024-11-02 09:00:00,11.19
2024-11-02 10:00:00,10.9
2024-11-02 11:00:00,10.18
2024-11-02 12:00:00,8.2
2024-11-02 13:00:00,7.59
2024-11-02 14:00:00,8.93
2024-11-02 15:00:00,9.26
2024-11-02 16:00:00,8.7
2024-11-02 17:00:00,11.28
2024-11-02 18:00:00,13.91
2024-11-02 19:00:00,14.44
2024-11-02 20:00:00,15.67
2024-11-02 21:00:00,14.01
2024-11-02 22:00:00,18.7
2024-11-02 23:00:00,29.23
2024-11-03,34.5
2024-11-03 02:00:00,27.19
2024-11-03 03:00:00,18.56
2024-11-03 04:00:00,18.93
2024-11-03 05:00:00,21.91
2024-11-03 06:00:00,23.41
2024-11-03 07:00:00,21.55
2024-11-03 08:00:00,20.77
2024-11-03 09:00:00,19.86
2024-11-03 10:00:00,16.83
2024-11-03 11:00:00,15
2024-11-03 12:00:00,11.58
2024-11-03 13:00:00,10.99
2024-11-03 14:00:00,9.92
2024-11-03 15:00:00,9.63
2024-11-03 16:00:00,8.92
2024-11-03 17:00:00,7.27
2024-11-03 18:00:00,6.77
2024-11-03 19:00:00,6.83
2024-11-03 20:00:00,6.02
2024-11-03 21:00:00,5.18
2024-11-03 22:00:00,5.11
2024-11-03 23:00:00,3.41
2024-11-04,3.12
2024-11-04 01:00:00,1.97
2024-11-04 02:00:00,1.12
2024-11-04 03:00:00,0.81
2024-11-04 04:00:00,0.57
2024-11-04 05:00:00,0.43
2024-11-04 06:00:00,0.34
2024-11-04 07:00:00,0.18
2024-11-04 08:00:00,0.14
2024-11-04 09:00:00,0.94
2024-11-04 10:00:00,2.23
2024-11-04 11:00:00,1.79
2024-11-04 12:00:00,2.73
2024-11-04 13:00:00,1.15
2024-11-04 14:00:00,0.99
2024-11-04 15:00:00,1.37
2024-11-04 16:00:00,1.27
2024-11-04 17:00:00,3.81
2024-11-04 18:00:00,14.71
2024-11-04 19:00:00,23.32
2024-11-04 20:00:00,27.25
2024-11-04 21:00:00,20.29
2024-11-04 22:00:00,11.36
2024-11-04 23:00:00,5.2
2024-11-05,2.46
2024-11-05 01:00:00,1.4
2024-11-05 02:00:00,1.11
2024-11-05 03:00:00,0.93
2024-11-05 04:00:00,0.59
2024-11-05 05:00:00,0.39
2024-11-05 06:00:00,0.43
2024-11-05 07:00:00,0.88
2024-11-05 08:00:00,1.44
2024-11-05 09:00:00,1.57
2024-11-05 10:00:00,1.46
2024-11-05 11:00:00,1.6
2024-11-05 12:00:00,0.51
2024-11-05 13:00:00,0.52
2024-11-05 14:00:00,0.53
2024-11-05 15:00:00,0.67
2024-11-05 16:00:00,0.82
2024-11-05 17:00:00,0.95
2024-11-05 18:00:00,0.88
2024-11-05 19:00:00,0.85
2024-11-05 20:00:00,0.8
2024-11-05 21:00:00,0.89
2024-11-05 22:00:00,0.93
2024-11-05 23:00:00,0.69
2024-11-06,0.38
2024-11-06 01:00:00,0.27
2024-11-06 02:00:00,0.18
2024-11-06 03:00:00,0.1
2024-11-06 04:00:00,0.07
2024-11-06 05:00:00,0.05
2024-11-06 06:00:00,0.03
2024-11-06 07:00:00,0.02
2024-11-06 08:00:00,0.02
2024-11-06 09:00:00,0.01
2024-11-06 10:00:00,0.01
2024-11-06 11:00:00,0
2024-11-06 12:00:00,0
2024-11-06 13:00:00,0
2024-11-06 14:00:00,0
2024-11-06 15:00:00,0
2024-11-06 16:00:00,0
2024-11-06 17:00:00,0
2024-11-06 18:00:00,0
2024-11-06 19:00:00,0
2024-11-06 20:00:00,0
2024-11-06 21:00:00,0
2024-11-06 22:00:00,0
2024-11-06 23:00:00,0
2024-11-07,0
2024-11-07 01:00:00,0
2024-11-07 02:00:00,0
2024-11-07 03:00:00,0
2024-11-07 04:00:00,0
2024-11-07 05:00:00,0
2024-11-07 06:00:00,0
2024-11-07 07:00:00,0
2024-11-07 08:00:00,0
2024-11-07 09:00:00,0
2024-11-07 10:00:00,0
2024-11-07 11:00:00,0
2024-11-07 12:00:00,0
2024-11-07 13:00:00,0
2024-11-07 14:00:00,0
2024-11-07 15:00:00,0
2024-11-07 16:00:00,0
2024-11-07 17:00:00,0
2024-11-07 18:00:00,0
2024-11-07 19:00:00,0
2024-11-07 20:00:00,0
2024-11-07 21:00:00,0
2024-11-07 22:00:00,0
2024-11-07 23:00:00,0
2024-11-08,0
2024-11-08 01:00:00,0
2024-11-08 02:00:00,0
2024-11-08 03:00:00,0
2024-11-08 04:00:00,0
2024-11-08 05:00:00,0
2024-11-08 06:00:00,0
2024-11-08 07:00:00,0
2024-11-08 08:00:00,0
2024-11-08 09:00:00,0
2024-11-08 10:00:00,0
2024-11-08 11:00:00,0
2024-11-08 12:00:00,0
2024-11-08 13:00:00,0
2024-11-08 14:00:00,0
2024-11-08 15:00:00,0
2024-11-08 16:00:00,0
2024-11-08 17:00:00,0
2024-11-08 18:00:00,0
2024-11-08 19:00:00,0
2024-11-08 20:00:00,0
2024-11-08 21:00:00,0
2024-11-08 22:00:00,0
2024-11-08 23:00:00,0
2024-11-09,0
2024-11-09 01:00:00,0
2024-11-09 02:00:00,0
2024-11-09 03:00:00,0
2024-11-09 04:00:00,0
2024-11-09 05:00:00,0
2024-11-09 06:00:00,0
2024-11-09 07:00:00,0
2024-11-09 08:00:00,0
2024-11-09 09:00:00,0
2024-11-09 10:00:00,0
2024-11-09 11:00:00,0
2024-11-09 12:00:00,0
2024-11-09 13:00:00,0
2024-11-09 14:00:00,0
2024-11-09 15:00:00,0
2024-11-09 16:00:00,0
2024-11-09 17:00:00,0
2024-11-09 18:00:00,0
2024-11-09 19:00:00,0
2024-11-09 20:00:00,0
2024-11-09 21:00:00,0
2024-11-09 22:00:00,0
2024-11-09 23:00:00,0
2024-11-10,0.02
2024-11-10 01:00:00,0.2
2024-11-10 02:00:00,0.56
2024-11-10 03:00:00,0.78
2024-11-10 04:00:00,0.81
2024-11-10 05:00:00,0.84
2024-11-10 06:00:00,1.26
2024-11-10 07:00:00,1.7
2024-11-10 08:00:00,2.01
2024-11-10 09:00:00,2.93
2024-11-10 10:00:00,3.1
2024-11-10 11:00:00,2.25
2024-11-10 12:00:00,0.96
2024-11-10 13:00:00,1.25
2024-11-10 14:00:00,1.46
2024-11-10 15:00:00,1.77
2024-11-10 16:00:00,2.07
2024-11-10 17:00:00,3.27
2024-11-10 18:00:00,5.28
2024-11-10 19:00:00,5.74
2024-11-10 20:00:00,5.44
2024-11-10 21:00:00,4.13
2024-11-10 22:00:00,3.23
2024-11-10 23:00:00,3.4
2024-11-11,2.62
2024-11-11 01:00:00,1.87
2024-11-11 02:00:00,1.57
2024-11-11 03:00:00,0.86
2024-11-11 04:00:00,0.74
2024-11-11 05:00:00,0.67
2024-11-11 06:00:00,0.36
2024-11-11 07:00:00,0.27
2024-11-11 08:00:00,0.72
2024-11-11 09:00:00,3.08
2024-11-11 10:00:00,10.85
2024-11-11 11:00:00,23.27
2024-11-11 12:00:00,56.5
2024-11-11 13:00:00,33.6
2024-11-11 14:00:00,12.61
2024-11-11 15:00:00,4.1
2024-11-11 16:00:00,4.78
2024-11-11 17:00:00,7.53
2024-11-11 18:00:00,9.11
2024-11-11 19:00:00,9.01
2024-11-11 20:00:00,16.3
2024-11-11 21:00:00,16.35
2024-11-11 22:00:00,15.71
2024-11-11 23:00:00,18.16
2024-11-12,22.7
2024-11-12 01:00:00,26.03
2024-11-12 02:00:00,25.38
2024-11-12 03:00:00,24.84
2024-11-12 04:00:00,21.52
2024-11-12 05:00:00,18.23
2024-11-12 06:00:00,19.15
2024-11-12 07:00:00,19.13
2024-11-12 08:00:00,17.75
2024-11-12 09:00:00,10.25
2024-11-12 10:00:00,5.6
2024-11-12 11:00:00,4.04
2024-11-12 12:00:00,6.74
2024-11-12 13:00:00,7.32
2024-11-12 14:00:00,6.99
2024-11-12 15:00:00,5.63
2024-11-12 16:00:00,3.99
2024-11-12 17:00:00,2.88
2024-11-12 18:00:00,1.96
2024-11-12 19:00:00,1.04
2024-11-12 20:00:00,0.55
2024-11-12 21:00:00,0.57
2024-11-12 22:00:00,1.13
2024-11-12 23:00:00,2.06
2024-11-13,4.22
2024-11-13 01:00:00,4.49
2024-11-13 02:00:00,7.16
2024-11-13 03:00:00,7.72
2024-11-13 04:00:00,4.13
2024-11-13 05:00:00,0.88
2024-11-13 06:00:00,1.48
2024-11-13 07:00:00,1.91
2024-11-13 08:00:00,8.42
2024-11-13 09:00:00,46.2
2024-11-13 10:00:00,42.23
2024-11-13 11:00:00,47.25
2024-11-13 12:00:00,55.08
2024-11-13 13:00:00,59.41
2024-11-13 14:00:00,43.51
2024-11-13 15:00:00,27.73
2024-11-13 16:00:00,26.3
2024-11-13 17:00:00,16.41
2024-11-13 18:00:00,12.18
2024-11-13 19:00:00,15.53
2024-11-13 20:00:00,20.51
2024-11-13 21:00:00,27.05
2024-11-13 22:00:00,24.87
2024-11-13 23:00:00,19.71
2024-11-14,28.55
2024-11-14 01:00:00,29.05
2024-11-14 02:00:00,20.96
2024-11-14 03:00:00,35.01
2024-11-14 04:00:00,49.19
2024-11-14 05:00:00,39.28
2024-11-14 06:00:00,28.51
2024-11-14 07:00:00,24.09
2024-11-14 08:00:00,23.29
2024-11-14 09:00:00,20.09
2024-11-14 10:00:00,17.34
2024-11-14 11:00:00,15.09
2024-11-14 12:00:00,16.63
2024-11-14 13:00:00,14.85
2024-11-14 14:00:00,14.08
2024-11-14 15:00:00,13.55
2024-11-14 16:00:00,13.92
2024-11-14 17:00:00,13.86
2024-11-14 18:00:00,14.11
2024-11-14 19:00:00,13.65
2024-11-14 20:00:00,14.04
2024-11-14 21:00:00,15.52
2024-11-14 22:00:00,17.31
2024-11-14 23:00:00,21.12
2024-11-15,19.34
2024-11-15 01:00:00,12.53
2024-11-15 02:00:00,7.49
2024-11-15 03:00:00,5.69
2024-11-15 04:00:00,7.23
2024-11-15 05:00:00,8.43
2024-11-15 06:00:00,8.44
2024-11-15 07:00:00,8.76
2024-11-15 08:00:00,8.3
2024-11-15 09:00:00,7.17
2024-11-15 10:00:00,6.17
2024-11-15 11:00:00,6.67
2024-11-15 12:00:00,1.5
2024-11-15 13:00:00,1.38
2024-11-15 14:00:00,1.21
2024-11-15 15:00:00,0.94
2024-11-15 16:00:00,0.9
2024-11-15 17:00:00,0.9
2024-11-15 18:00:00,0.85
2024-11-15 19:00:00,1.03
2024-11-15 20:00:00,1.27
2024-11-15 21:00:00,1.49
2024-11-15 22:00:00,1.48
2024-11-15 23:00:00,1.54
2024-11-16,1.19
2024-11-16 01:00:00,0.75
2024-11-16 02:00:00,0.63
2024-11-16 03:00:00,0.66
2024-11-16 04:00:00,0.57
2024-11-16 05:00:00,0.53
2024-11-16 06:00:00,0.51
2024-11-16 07:00:00,0.47
2024-11-16 08:00:00,0.39
2024-11-16 09:00:00,0.28
2024-11-16 10:00:00,0.27
2024-11-16 11:00:00,0.21
2024-11-16 12:00:00,0.4
2024-11-16 13:00:00,0.18
2024-11-16 14:00:00,0.07
2024-11-16 15:00:00,0.03
2024-11-16 16:00:00,0.02
2024-11-16 17:00:00,0.11
2024-11-16 18:00:00,0.47
2024-11-16 19:00:00,1.71
2024-11-16 20:00:00,7.24
2024-11-16 21:00:00,22.96
2024-11-16 22:00:00,25.77
2024-11-16 23:00:00,20.19
2024-11-17,17.34
2024-11-17 01:00:00,20.03
2024-11-17 02:00:00,20.62
2024-11-17 03:00:00,21.42
2024-11-17 04:00:00,20.92
2024-11-17 05:00:00,21.07
2024-11-17 06:00:00,23.7
2024-11-17 07:00:00,23.92
2024-11-17 08:00:00,22.37
2024-11-17 09:00:00,21.97
2024-11-17 10:00:00,27.75
2024-11-17 11:00:00,34.95
2024-11-17 12:00:00,39.67
2024-11-17 13:00:00,35.18
2024-11-17 14:00:00,34.59
2024-11-17 15:00:00,40.91
2024-11-17 16:00:00,51.89
2024-11-17 17:00:00,57.86
2024-11-17 18:00:00,58.83
2024-11-17 19:00:00,57.93
2024-11-17 20:00:00,52.47
2024-11-17 21:00:00,46.2
2024-11-17 22:00:00,41.95
2024-11-17 23:00:00,39.75
2024-11-18,34.19
2024-11-18 01:00:00,25.3
2024-11-18 02:00:00,16.66
2024-11-18 03:00:00,22.83
2024-11-18 04:00:00,29.31
2024-11-18 05:00:00,27.12
2024-11-18 06:00:00,25.5
2024-11-18 07:00:00,28.34
2024-11-18 08:00:00,29.03
2024-11-18 09:00:00,31.02
2024-11-18 10:00:00,36.21
2024-11-18 11:00:00,38.41
2024-11-18 12:00:00,27.76
2024-11-18 13:00:00,20.99
2024-11-18 14:00:00,16.59
2024-11-18 15:00:00,13.19
2024-11-18 16:00:00,12.96
2024-11-18 17:00:00,29.65
2024-11-18 18:00:00,48.2
2024-11-18 19:00:00,38.24
2024-11-18 20:00:00,15.74
2024-11-18 21:00:00,5.03
2024-11-18 22:00:00,5.12
2024-11-18 23:00:00,7.63
2024-11-19,4.96
2024-11-19 01:00:00,2.05
2024-11-19 02:00:00,1.66
2024-11-19 03:00:00,1.05
2024-11-19 04:00:00,1.13
2024-11-19 05:00:00,4.2
2024-11-19 06:00:00,13.05
2024-11-19 07:00:00,26.48
2024-11-19 08:00:00,28.54
2024-11-19 09:00:00,24.18
2024-11-19 10:00:00,21.49
2024-11-19 11:00:00,19.5
2024-11-19 12:00:00,16.01
2024-11-19 13:00:00,9.41
2024-11-19 14:00:00,6.09
2024-11-19 15:00:00,11.33
2024-11-19 16:00:00,15.79
2024-11-19 17:00:00,10.4
2024-11-19 18:00:00,4.53
2024-11-19 19:00:00,2.8
2024-11-19 20:00:00,5.06
2024-11-19 21:00:00,10.07
2024-11-19 22:00:00,9.47
2024-11-19 23:00:00,12.95
2024-11-20,35.78
2024-11-20 01:00:00,25.8
2024-11-20 02:00:00,16.23
2024-11-20 03:00:00,13.47
2024-11-20 04:00:00,15
2024-11-20 05:00:00,19.01
2024-11-20 06:00:00,25.08
2024-11-20 07:00:00,26.28
2024-11-20 08:00:00,30.26
2024-11-20 09:00:00,29.13
2024-11-20 10:00:00,25.33
2024-11-20 11:00:00,20.69
2024-11-20 12:00:00,30.59
2024-11-20 13:00:00,21.39
2024-11-20 14:00:00,11.77
2024-11-20 15:00:00,5.99
2024-11-20 16:00:00,3.03
2024-11-20 17:00:00,1.49
2024-11-20 18:00:00,0.85
2024-11-20 19:00:00,3.1
2024-11-20 20:00:00,20.14
2024-11-20 21:00:00,26.05
2024-11-20 22:00:00,35.1
2024-11-20 23:00:00,57.62
2024-11-21,48.78
2024-11-21 01:00:00,37.62
2024-11-21 02:00:00,31.29
2024-11-21 03:00:00,22.74
2024-11-21 04:00:00,16.68
2024-11-21 05:00:00,10.87
2024-11-21 06:00:00,8.92
2024-11-21 07:00:00,7.36
2024-11-21 08:00:00,7.68
2024-11-21 09:00:00,6.98
2024-11-21 10:00:00,5.96
2024-11-21 11:00:00,5.94
2024-11-21 12:00:00,4.59
2024-11-21 13:00:00,3.02
2024-11-21 14:00:00,3.41
2024-11-21 15:00:00,3.12
2024-11-21 16:00:00,2.91
2024-11-21 17:00:00,2.57
2024-11-21 18:00:00,2.67
2024-11-21 19:00:00,2.31
2024-11-21 20:00:00,1.91
2024-11-21 21:00:00,1.96
2024-11-21 22:00:00,2.99
2024-11-21 23:00:00,4.33
2024-11-22,5.71
2024-11-22 01:00:00,6.23
2024-11-22 02:00:00,8.78
2024-11-22 03:00:00,12.77
2024-11-22 04:00:00,11.48
2024-11-22 05:00:00,54.73
2024-11-22 06:00:00,73.6
2024-11-22 07:00:00,14.75
2024-11-22 08:00:00,2.63
2024-11-22 09:00:00,21.11
2024-11-22 10:00:00,40.67
2024-11-22 11:00:00,33.93
2024-11-22 12:00:00,23.78
2024-11-22 13:00:00,22.16
2024-11-22 14:00:00,13.77
2024-11-22 15:00:00,7.58
2024-11-22 16:00:00,3.96
2024-11-22 17:00:00,2.77
2024-11-22 18:00:00,2.5
2024-11-22 19:00:00,3.29
2024-11-22 20:00:00,4.19
2024-11-22 21:00:00,3.95
2024-11-22 22:00:00,3
2024-11-22 23:00:00,3.66
2024-11-23,4.66
2024-11-23 01:00:00,4.44
2024-11-23 02:00:00,5.41
2024-11-23 03:00:00,10.15
2024-11-23 04:00:00,15.44
2024-11-23 05:00:00,19.18
2024-11-23 06:00:00,22.76
2024-11-23 07:00:00,24.01
2024-11-23 08:00:00,21.16
2024-11-23 09:00:00,17.67
2024-11-23 10:00:00,22.25
2024-11-23 11:00:00,33.68
2024-11-23 12:00:00,21.2
2024-11-23 13:00:00,17.93
2024-11-23 14:00:00,33.88
2024-11-23 15:00:00,29.06
2024-11-23 16:00:00,15.82
2024-11-23 17:00:00,7.38
2024-11-23 18:00:00,3.08
2024-11-23 19:00:00,1.07
2024-11-23 20:00:00,0.36
2024-11-23 21:00:00,0.23
2024-11-23 22:00:00,0.22
2024-11-23 23:00:00,0.32
2024-11-24,0.46
2024-11-24 01:00:00,0.99
2024-11-24 02:00:00,2.07
2024-11-24 03:00:00,1.56
2024-11-24 04:00:00,0.99
2024-11-24 05:00:00,0.64
2024-11-24 06:00:00,0.23
2024-11-24 07:00:00,0.19
2024-11-24 08:00:00,0.22
2024-11-24 09:00:00,0.33
2024-11-24 10:00:00,0.69
2024-11-24 11:00:00,1.2
2024-11-24 12:00:00,0.67
2024-11-24 13:00:00,0.72
2024-11-24 14:00:00,0.61
2024-11-24 15:00:00,0.46
2024-11-24 16:00:00,0.38
2024-11-24 17:00:00,0.86
2024-11-24 18:00:00,1.75
2024-11-24 19:00:00,2.89
2024-11-24 20:00:00,3.36
2024-11-24 21:00:00,3.18
2024-11-24 22:00:00,2.61
2024-11-24 23:00:00,1.68
2024-11-25,1.45
2024-11-25 01:00:00,3.47
2024-11-25 02:00:00,3.15
2024-11-25 03:00:00,2.33
2024-11-25 04:00:00,3.41
2024-11-25 05:00:00,5.79
2024-11-25 06:00:00,8.76
2024-11-25 07:00:00,6.37
2024-11-25 08:00:00,3.41
2024-11-25 09:00:00,1.53
2024-11-25 10:00:00,0.58
2024-11-25 11:00:00,0.35
2024-11-25 12:00:00,0.72
2024-11-25 13:00:00,2.17
2024-11-25 14:00:00,8.99
2024-11-25 15:00:00,18.32
2024-11-25 16:00:00,19.88
2024-11-25 17:00:00,19.03
2024-11-25 18:00:00,25.45
2024-11-25 19:00:00,30.75
2024-11-25 20:00:00,27.02
2024-11-25 21:00:00,15.76
2024-11-25 22:00:00,6.78
2024-11-25 23:00:00,3.33
2024-11-26,3.2
2024-11-26 01:00:00,4.52
2024-11-26 02:00:00,4.75
2024-11-26 03:00:00,4.45
2024-11-26 04:00:00,3.98
2024-11-26 05:00:00,2.72
2024-11-26 06:00:00,1.75
2024-11-26 07:00:00,2.01
2024-11-26 08:00:00,1.83
2024-11-26 09:00:00,2.41
2024-11-26 10:00:00,2.85
2024-11-26 11:00:00,4.7
2024-11-26 12:00:00,6.15
2024-11-26 13:00:00,8.15
2024-11-26 14:00:00,8.09
2024-11-26 15:00:00,6.89
2024-11-26 16:00:00,5.8
2024-11-26 17:00:00,5.4
2024-11-26 18:00:00,4.77
2024-11-26 19:00:00,3.11
2024-11-26 20:00:00,1.92
2024-11-26 21:00:00,1.21
2024-11-26 22:00:00,0.72
2024-11-26 23:00:00,0.39
2024-11-27,0.32
2024-11-27 01:00:00,0.29
2024-11-27 02:00:00,0.29
2024-11-27 03:00:00,0.33
2024-11-27 04:00:00,0.36
2024-11-27 05:00:00,0.44
2024-11-27 06:00:00,0.5
2024-11-27 07:00:00,0.59
2024-11-27 08:00:00,0.78
2024-11-27 09:00:00,0.78
2024-11-27 10:00:00,0.56
2024-11-27 11:00:00,0.39
2024-11-27 12:00:00,0.03
2024-11-27 13:00:00,0.01
2024-11-27 14:00:00,0
2024-11-27 15:00:00,0
2024-11-27 16:00:00,0
2024-11-27 17:00:00,0
2024-11-27 18:00:00,0
2024-11-27 19:00:00,0
2024-11-27 20:00:00,0
2024-11-27 21:00:00,0
2024-11-27 22:00:00,0
2024-11-27 23:00:00,0
2024-11-28,0
2024-11-28 01:00:00,0
2024-11-28 02:00:00,0
2024-11-28 03:00:00,0
2024-11-28 04:00:00,0
2024-11-28 05:00:00,0
2024-11-28 06:00:00,0
2024-11-28 07:00:00,0
2024-11-28 08:00:00,0
2024-11-28 09:00:00,0
2024-11-28 10:00:00,0
2024-11-28 11:00:00,0
2024-11-28 12:00:00,0
2024-11-28 13:00:00,0
2024-11-28 14:00:00,0
2024-11-28 15:00:00,0
2024-11-28 16:00:00,0
2024-11-28 17:00:00,0
2024-11-28 18:00:00,0
2024-11-28 19:00:00,0
2024-11-28 20:00:00,0
2024-11-28 21:00:00,0
2024-11-28 22:00:00,0
2024-11-28 23:00:00,0
2024-11-29,0
2024-11-29 01:00:00,0
2024-11-29 02:00:00,0
2024-11-29 03:00:00,0
2024-11-29 04:00:00,0
2024-11-29 05:00:00,0
2024-11-29 06:00:00,0
2024-11-29 07:00:00,0
2024-11-29 08:00:00,0
2024-11-29 09:00:00,0
2024-11-29 10:00:00,0
2024-11-29 11:00:00,0
2024-11-29 12:00:00,0
2024-11-29 13:00:00,0
2024-11-29 14:00:00,0
2024-11-29 15:00:00,0
2024-11-29 16:00:00,0
2024-11-29 17:00:00,0
2024-11-29 18:00:00,0
2024-11-29 19:00:00,0
2024-11-29 20:00:00,0
2024-11-29 21:00:00,0
2024-11-29 22:00:00,0
2024-11-29 23:00:00,0
2024-11-30,0
2024-11-30 01:00:00,0
2024-11-30 02:00:00,0
2024-11-30 03:00:00,0
2024-11-30 04:00:00,0
2024-11-30 05:00:00,0
2024-11-30 06:00:00,0
2024-11-30 07:00:00,0
2024-11-30 08:00:00,0
2024-11-30 09:00:00,0
2024-11-30 10:00:00,0
2024-11-30 11:00:00,0
2024-11-30 12:00:00,0
2024-11-30 13:00:00,0
2024-11-30 14:00:00,0
2024-11-30 15:00:00,0
2024-11-30 16:00:00,0
2024-11-30 17:00:00,0
2024-11-30 18:00:00,0
2024-11-30 19:00:00,0
2024-11-30 20:00:00,0
2024-11-30 21:00:00,0
2024-11-30 22:00:00,0
2024-11-30 23:00:00,0
2024-12-01,0
2024-12-01 01:00:00,0
2024-12-01 02:00:00,0
2024-12-01 03:00:00,0
2024-12-01 04:00:00,0
2024-12-01 05:00:00,0
2024-12-01 06:00:00,0
2024-12-01 07:00:00,0
2024-12-01 08:00:00,0
2024-12-01 09:00:00,0
2024-12-01 10:00:00,0
2024-12-01 11:00:00,0
2024-12-01 12:00:00,0
2024-12-01 13:00:00,0
2024-12-01 14:00:00,0
2024-12-01 15:00:00,0
2024-12-01 16:00:00,0
2024-12-01 17:00:00,0
2024-12-01 18:00:00,0
2024-12-01 19:00:00,0
2024-12-01 20:00:00,0
2024-12-01 21:00:00,0
2024-12-01 22:00:00,0
2024-12-01 23:00:00,0
2024-12-02,0
2024-12-02 01:00:00,0
2024-12-02 02:00:00,0
2024-12-02 03:00:00,0
2024-12-02 04:00:00,0
2024-12-02 05:00:00,0
2024-12-02 06:00:00,0
2024-12-02 07:00:00,0
2024-12-02 08:00:00,0
2024-12-02 09:00:00,0
2024-12-02 10:00:00,0
2024-12-02 11:00:00,0
2024-12-02 12:00:00,0
2024-12-02 13:00:00,0
2024-12-02 14:00:00,0
2024-12-02 15:00:00,0
2024-12-02 16:00:00,0
2024-12-02 17:00:00,0
2024-12-02 18:00:00,0
2024-12-02 19:00:00,0
2024-12-02 20:00:00,0
2024-12-02 21:00:00,0
2024-12-02 22:00:00,0
2024-12-02 23:00:00,0
2024-12-03,0
2024-12-03 01:00:00,0
2024-12-03 02:00:00,0
2024-12-03 03:00:00,0
2024-12-03 04:00:00,0
2024-12-03 05:00:00,0
2024-12-03 06:00:00,0
2024-12-03 07:00:00,0
2024-12-03 08:00:00,0
2024-12-03 09:00:00,0
2024-12-03 10:00:00,0
2024-12-03 11:00:00,0
2024-12-03 12:00:00,0
2024-12-03 13:00:00,0
2024-12-03 14:00:00,0
2024-12-03 15:00:00,0
2024-12-03 16:00:00,0
2024-12-03 17:00:00,0
2024-12-03 18:00:00,0
2024-12-03 19:00:00,0
2024-12-03 20:00:00,0
2024-12-03 21:00:00,0
2024-12-03 22:00:00,0
2024-12-03 23:00:00,0
2024-12-04,0
2024-12-04 01:00:00,0
2024-12-04 02:00:00,0
2024-12-04 03:00:00,0
2024-12-04 04:00:00,0
2024-12-04 05:00:00,0
2024-12-04 06:00:00,0
2024-12-04 07:00:00,0
2024-12-04 08:00:00,0
2024-12-04 09:00:00,0
2024-12-04 10:00:00,0
2024-12-04 11:00:00,0
2024-12-04 12:00:00,0
2024-12-04 13:00:00,0
2024-12-04 14:00:00,0
2024-12-04 15:00:00,0
2024-12-04 16:00:00,0
2024-12-04 17:00:00,0
2024-12-04 18:00:00,0
2024-12-04 19:00:00,0
2024-12-04 20:00:00,0
2024-12-04 21:00:00,0
2024-12-04 22:00:00,0
2024-12-04 23:00:00,0
2024-12-05,0
2024-12-05 01:00:00,0
2024-12-05 02:00:00,0
2024-12-05 03:00:00,0
2024-12-05 04:00:00,0
2024-12-05 05:00:00,0
2024-12-05 06:00:00,0
2024-12-05 07:00:00,0
2024-12-05 08:00:00,0
2024-12-05 09:00:00,0
2024-12-05 10:00:00,0
2024-12-05 11:00:00,0
2024-12-05 12:00:00,0
2024-12-05 13:00:00,0
2024-12-05 14:00:00,0
2024-12-05 15:00:00,0
2024-12-05 16:00:00,0
2024-12-05 17:00:00,0
2024-12-05 18:00:00,0
2024-12-05 19:00:00,0
2024-12-05 20:00:00,0
2024-12-05 21:00:00,0
2024-12-05 22:00:00,0
2024-12-05 23:00:00,0
2024-12-06,0
2024-12-06 01:00:00,0
2024-12-06 02:00:00,0
2024-12-06 03:00:00,0
2024-12-06 04:00:00,0
2024-12-06 05:00:00,0
2024-12-06 06:00:00,0
2024-12-06 07:00:00,0
2024-12-06 08:00:00,0
2024-12-06 09:00:00,0
2024-12-06 10:00:00,0
2024-12-06 11:00:00,0
2024-12-06 12:00:00,0
2024-12-06 13:00:00,0
2024-12-06 14:00:00,0
2024-12-06 15:00:00,0
2024-12-06 16:00:00,0
2024-12-06 17:00:00,0
2024-12-06 18:00:00,0
2024-12-06 19:00:00,0
2024-12-06 20:00:00,0
2024-12-06 21:00:00,0
2024-12-06 22:00:00,0
2024-12-06 23:00:00,0
2024-12-07,0
2024-12-07 01:00:00,0
2024-12-07 02:00:00,0
2024-12-07 03:00:00,0
2024-12-07 04:00:00,0
2024-12-07 05:00:00,0
2024-12-07 06:00:00,0.01
2024-12-07 07:00:00,0.02
2024-12-07 08:00:00,0.02
2024-12-07 09:00:00,0.01
2024-12-07 10:00:00,0
2024-12-07 11:00:00,0.01
2024-12-07 12:00:00,0.57
2024-12-07 13:00:00,2.03
2024-12-07 14:00:00,7.12
2024-12-07 15:00:00,15.08
2024-12-07 16:00:00,16.77
2024-12-07 17:00:00,18.26
2024-12-07 18:00:00,28.05
2024-12-07 19:00:00,50.9
2024-12-07 20:00:00,64.64
2024-12-07 21:00:00,45.71
2024-12-07 22:00:00,25.81
2024-12-07 23:00:00,15.41
2024-12-08,9.64
2024-12-08 01:00:00,7.62
2024-12-08 02:00:00,3.2
2024-12-08 03:00:00,1.52
2024-12-08 04:00:00,1.26
2024-12-08 05:00:00,1.25
2024-12-08 06:00:00,1.58
2024-12-08 07:00:00,1.67
2024-12-08 08:00:00,1.39
2024-12-08 09:00:00,1.1
2024-12-08 10:00:00,1.3
2024-12-08 11:00:00,1.84
2024-12-08 12:00:00,2.55
2024-12-08 13:00:00,3.25
2024-12-08 14:00:00,3.26
2024-12-08 15:00:00,3.58
2024-12-08 16:00:00,3.39
2024-12-08 17:00:00,3.12
2024-12-08 18:00:00,3.3
2024-12-08 19:00:00,3.75
2024-12-08 20:00:00,3.78
2024-12-08 21:00:00,4.56
2024-12-08 22:00:00,4.44
2024-12-08 23:00:00,3.8
2024-12-09,2.74
2024-12-09 01:00:00,2.1
2024-12-09 02:00:00,1.62
2024-12-09 03:00:00,1.07
2024-12-09 04:00:00,0.6
2024-12-09 05:00:00,0.35
2024-12-09 06:00:00,0.27
2024-12-09 07:00:00,0.2
2024-12-09 08:00:00,0.13
2024-12-09 09:00:00,0.13
2024-12-09 10:00:00,0.1
2024-12-09 11:00:00,0.07
2024-12-09 12:00:00,0
2024-12-09 13:00:00,0
2024-12-09 14:00:00,0
2024-12-09 15:00:00,0
2024-12-09 16:00:00,0
2024-12-09 17:00:00,0
2024-12-09 18:00:00,0
2024-12-09 19:00:00,0
2024-12-09 20:00:00,0
2024-12-09 21:00:00,0
2024-12-09 22:00:00,0
2024-12-09 23:00:00,0
2024-12-10,0
2024-12-10 01:00:00,0
2024-12-10 02:00:00,0
2024-12-10 03:00:00,0
2024-12-10 04:00:00,0
2024-12-10 05:00:00,0
2024-12-10 06:00:00,0
2024-12-10 07:00:00,0
2024-12-10 08:00:00,0
2024-12-10 09:00:00,0
2024-12-10 10:00:00,0
2024-12-10 11:00:00,0
2024-12-10 12:00:00,0
2024-12-10 13:00:00,0
2024-12-10 14:00:00,0
2024-12-10 15:00:00,0
2024-12-10 16:00:00,0
2024-12-10 17:00:00,0
2024-12-10 18:00:00,0
2024-12-10 19:00:00,0
2024-12-10 20:00:00,0
2024-12-10 21:00:00,0
2024-12-10 22:00:00,0
2024-12-10 23:00:00,0
2024-12-11,0
2024-12-11 01:00:00,0
2024-12-11 02:00:00,0
2024-12-11 03:00:00,0
2024-12-11 04:00:00,0
2024-12-11 05:00:00,0
2024-12-11 06:00:00,0
2024-12-11 07:00:00,0
2024-12-11 08:00:00,0
2024-12-11 09:00:00,0
2024-12-11 10:00:00,0
2024-12-11 11:00:00,0
2024-12-11 12:00:00,0
2024-12-11 13:00:00,0
2024-12-11 14:00:00,0
2024-12-11 15:00:00,0
2024-12-11 16:00:00,0.01
2024-12-11 17:00:00,0
2024-12-11 18:00:00,0
2024-12-11 19:00:00,0.07
2024-12-11 20:00:00,0.79
2024-12-11 21:00:00,2.11
2024-12-11 22:00:00,3.51
2024-12-11 23:00:00,5.95
2024-12-12,8.3
2024-12-12 01:00:00,8.65
2024-12-12 02:00:00,8.36
2024-12-12 03:00:00,7.6
2024-12-12 04:00:00,6.28
2024-12-12 05:00:00,4.52
2024-12-12 06:00:00,4.28
2024-12-12 07:00:00,3.54
2024-12-12 08:00:00,3.61
2024-12-12 09:00:00,4.35
2024-12-12 10:00:00,5.54
2024-12-12 11:00:00,6.53
2024-12-12 12:00:00,15.8
2024-12-12 13:00:00,13.56
2024-12-12 14:00:00,9.81
2024-12-12 15:00:00,7.23
2024-12-12 16:00:00,6.47
2024-12-12 17:00:00,5.97
2024-12-12 18:00:00,3.79
2024-12-12 19:00:00,2.16
2024-12-12 20:00:00,1.97
2024-12-12 21:00:00,1.56
2024-12-12 22:00:00,1.31
2024-12-12 23:00:00,1.61
2024-12-13,1.8
2024-12-13 01:00:00,1.04
2024-12-13 02:00:00,0.36
2024-12-13 03:00:00,0.09
2024-12-13 04:00:00,0.03
2024-12-13 05:00:00,0.02
2024-12-13 06:00:00,0.04
2024-12-13 07:00:00,0.04
2024-12-13 08:00:00,0.02
2024-12-13 09:00:00,0.01
2024-12-13 10:00:00,0.02
2024-12-13 11:00:00,0.05
2024-12-13 12:00:00,1.19
2024-12-13 13:00:00,6.63
2024-12-13 14:00:00,9.18
2024-12-13 15:00:00,8.61
2024-12-13 16:00:00,6.76
2024-12-13 17:00:00,10.91
2024-12-13 18:00:00,10.79
2024-12-13 19:00:00,9.71
2024-12-13 20:00:00,17.8
2024-12-13 21:00:00,38.31
2024-12-13 22:00:00,50.26
2024-12-13 23:00:00,37.4
2024-12-14,26.32
2024-12-14 01:00:00,23.48
2024-12-14 02:00:00,24.37
2024-12-14 03:00:00,24.63
2024-12-14 04:00:00,26.49
2024-12-14 05:00:00,26.83
2024-12-14 06:00:00,21.85
2024-12-14 07:00:00,10.11
2024-12-14 08:00:00,4.03
2024-12-14 09:00:00,3.49
2024-12-14 10:00:00,2.63
2024-12-14 11:00:00,2.37
2024-12-14 12:00:00,4.72
2024-12-14 13:00:00,7.27
2024-12-14 14:00:00,10.02
2024-12-14 15:00:00,10.93
2024-12-14 16:00:00,10.79
2024-12-14 17:00:00,12.28
2024-12-14 18:00:00,15.45
2024-12-14 19:00:00,17.3
2024-12-14 20:00:00,14.88
2024-12-14 21:00:00,12.69
2024-12-14 22:00:00,10.36
2024-12-14 23:00:00,7.54
2024-12-15,6.48
2024-12-15 01:00:00,6.5
2024-12-15 02:00:00,6.21
2024-12-15 03:00:00,5.95
2024-12-15 04:00:00,8.36
2024-12-15 05:00:00,6.36
2024-12-15 06:00:00,7.65
2024-12-15 07:00:00,10.83
2024-12-15 08:00:00,16.52
2024-12-15 09:00:00,21.43
2024-12-15 10:00:00,23
2024-12-15 11:00:00,21.38
2024-12-15 12:00:00,20.57
2024-12-15 13:00:00,15.87
2024-12-15 14:00:00,13.69
2024-12-15 15:00:00,11.79
2024-12-15 16:00:00,8.45
2024-12-15 17:00:00,5.05
2024-12-15 18:00:00,2.62
2024-12-15 19:00:00,0.82
2024-12-15 20:00:00,0.2
2024-12-15 21:00:00,0.03
2024-12-15 22:00:00,0.02
2024-12-15 23:00:00,0.26
2024-12-16,0.45
2024-12-16 01:00:00,2.95
2024-12-16 02:00:00,13.61
2024-12-16 03:00:00,19.17
2024-12-16 04:00:00,34.27
2024-12-16 05:00:00,26.51
2024-12-16 06:00:00,36.09
2024-12-16 07:00:00,48.24
2024-12-16 08:00:00,37.36
2024-12-16 09:00:00,21.43
2024-12-16 10:00:00,14.25
2024-12-16 11:00:00,8.58
2024-12-16 12:00:00,9.74
2024-12-16 13:00:00,10.06
2024-12-16 14:00:00,7.38
2024-12-16 15:00:00,4.82
2024-12-16 16:00:00,3.18
2024-12-16 17:00:00,2
2024-12-16 18:00:00,1.24
2024-12-16 19:00:00,1.01
2024-12-16 20:00:00,1.67
2024-12-16 21:00:00,3.19
2024-12-16 22:00:00,7.18
2024-12-16 23:00:00,14.27
2024-12-17,32.35
2024-12-17 01:00:00,61.26
2024-12-17 02:00:00,62.64
2024-12-17 03:00:00,44.87
2024-12-17 04:00:00,38.47
2024-12-17 05:00:00,34.07
2024-12-17 06:00:00,28.19
2024-12-17 07:00:00,23.76
2024-12-17 08:00:00,20.09
2024-12-17 09:00:00,14.55
2024-12-17 10:00:00,11.26
2024-12-17 11:00:00,8.13
2024-12-17 12:00:00,8.77
2024-12-17 13:00:00,14.14
2024-12-17 14:00:00,17.64
2024-12-17 15:00:00,10.36
2024-12-17 16:00:00,4.14
2024-12-17 17:00:00,2.29
2024-12-17 18:00:00,3.84
2024-12-17 19:00:00,4.83
2024-12-17 20:00:00,5.76
2024-12-17 21:00:00,6.15
2024-12-17 22:00:00,7.32
2024-12-17 23:00:00,9.67
2024-12-18,11.62
2024-12-18 01:00:00,5.51
2024-12-18 02:00:00,2.69
2024-12-18 03:00:00,0.37
2024-12-18 04:00:00,0.95
2024-12-18 05:00:00,1.53
2024-12-18 06:00:00,1.9
2024-12-18 07:00:00,1.98
2024-12-18 08:00:00,4.97
2024-12-18 09:00:00,22.41
2024-12-18 10:00:00,61.28
2024-12-18 11:00:00,74.1
2024-12-18 12:00:00,44.1
2024-12-18 13:00:00,18.45
2024-12-18 14:00:00,11.2
2024-12-18 15:00:00,7.28
2024-12-18 16:00:00,5.23
2024-12-18 17:00:00,3.17
2024-12-18 18:00:00,1.92
2024-12-18 19:00:00,0.96
2024-12-18 20:00:00,0.58
2024-12-18 21:00:00,0.41
2024-12-18 22:00:00,0.38
2024-12-18 23:00:00,0.34
2024-12-19,0.27
2024-12-19 01:00:00,0.28
2024-12-19 02:00:00,0.35
2024-12-19 03:00:00,0.38
2024-12-19 04:00:00,0.78
2024-12-19 05:00:00,1.11
2024-12-19 06:00:00,0.99
2024-12-19 07:00:00,0.76
2024-12-19 08:00:00,0.78
2024-12-19 09:00:00,0.75
2024-12-19 10:00:00,0.55
2024-12-19 11:00:00,0.31
2024-12-19 12:00:00,0.03
2024-12-19 13:00:00,0.01
2024-12-19 14:00:00,0.01
2024-12-19 15:00:00,0.01
2024-12-19 16:00:00,0.01
2024-12-19 17:00:00,0.07
2024-12-19 18:00:00,0
2024-12-19 19:00:00,0
2024-12-19 20:00:00,0
2024-12-19 21:00:00,0.01
2024-12-19 22:00:00,0.01
2024-12-19 23:00:00,0
2024-12-20,0
2024-12-20 01:00:00,0.02
2024-12-20 02:00:00,0.26
2024-12-20 03:00:00,0.13
2024-12-20 04:00:00,0.01
2024-12-20 05:00:00,0
2024-12-20 06:00:00,0
2024-12-20 07:00:00,0
2024-12-20 08:00:00,0
2024-12-20 09:00:00,0
2024-12-20 10:00:00,0
2024-12-20 11:00:00,0
2024-12-20 12:00:00,0
2024-12-20 13:00:00,0
2024-12-20 14:00:00,0
2024-12-20 15:00:00,0
2024-12-20 16:00:00,0
2024-12-20 17:00:00,0
2024-12-20 18:00:00,0
2024-12-20 19:00:00,0.02
2024-12-20 20:00:00,0.09
2024-12-20 21:00:00,0.11
2024-12-20 22:00:00,0.02
2024-12-20 23:00:00,0.01
2024-12-21,0
2024-12-21 01:00:00,0
2024-12-21 02:00:00,0
2024-12-21 03:00:00,0
2024-12-21 04:00:00,0
2024-12-21 05:00:00,0
2024-12-21 06:00:00,0
2024-12-21 07:00:00,0
2024-12-21 08:00:00,0
2024-12-21 09:00:00,0
2024-12-21 10:00:00,0.23
2024-12-21 11:00:00,3.18
2024-12-21 12:00:00,10.36
2024-12-21 13:00:00,10.92
2024-12-21 14:00:00,21.31
2024-12-21 15:00:00,35.48
2024-12-21 16:00:00,30.32
2024-12-21 17:00:00,14.82
2024-12-21 18:00:00,6.01
2024-12-21 19:00:00,5.15
2024-12-21 20:00:00,4.61
2024-12-21 21:00:00,4.11
2024-12-21 22:00:00,4.63
2024-12-21 23:00:00,5.62
2024-12-22,7.3
2024-12-22 01:00:00,5.1
2024-12-22 02:00:00,4.08
2024-12-22 03:00:00,1.84
2024-12-22 04:00:00,0.59
2024-12-22 05:00:00,0.22
2024-12-22 06:00:00,0.09
2024-12-22 07:00:00,0.05
2024-12-22 08:00:00,0.07
2024-12-22 09:00:00,0.07
2024-12-22 10:00:00,0.06
2024-12-22 11:00:00,0.25
2024-12-22 12:00:00,1.16
2024-12-22 13:00:00,0.51
2024-12-22 14:00:00,0.04
2024-12-22 15:00:00,0.12
2024-12-22 16:00:00,1.28
2024-12-22 17:00:00,3.16
2024-12-22 18:00:00,12.88
2024-12-22 19:00:00,31.07
2024-12-22 20:00:00,26.81
2024-12-22 21:00:00,18.71
2024-12-22 22:00:00,23.88
2024-12-22 23:00:00,60.87
2024-12-23,24.35
2024-12-23 01:00:00,9.73
2024-12-23 02:00:00,9.29
2024-12-23 03:00:00,11.76
2024-12-23 04:00:00,17.98
2024-12-23 05:00:00,17.97
2024-12-23 06:00:00,15.17
2024-12-23 07:00:00,11.43
2024-12-23 08:00:00,7.08
2024-12-23 09:00:00,2.52
2024-12-23 10:00:00,0.66
2024-12-23 11:00:00,0.19
2024-12-23 12:00:00,0.07
2024-12-23 13:00:00,0.04
2024-12-23 14:00:00,0.06
2024-12-23 15:00:00,0.07
2024-12-23 16:00:00,0.03
2024-12-23 17:00:00,0.02
2024-12-23 18:00:00,0.01
2024-12-23 19:00:00,0.01
2024-12-23 20:00:00,0.01
2024-12-23 21:00:00,0
2024-12-23 22:00:00,0
2024-12-23 23:00:00,0.41
2024-12-24,4.6
2024-12-24 01:00:00,3.77
2024-12-24 02:00:00,0.26
2024-12-24 03:00:00,3.48
2024-12-24 04:00:00,21.2
2024-12-24 05:00:00,58.65
2024-12-24 06:00:00,82.89
2024-12-24 07:00:00,118.2
2024-12-24 08:00:00,97.68
2024-12-24 09:00:00,74.55
2024-12-24 10:00:00,45.15
2024-12-24 11:00:00,32.55
2024-12-24 12:00:00,41.22
2024-12-24 13:00:00,25.52
2024-12-24 14:00:00,13.61
2024-12-24 15:00:00,11.03
2024-12-24 16:00:00,12.47
2024-12-24 17:00:00,16.59
2024-12-24 18:00:00,19.15
2024-12-24 19:00:00,23.86
2024-12-24 20:00:00,20.25
2024-12-24 21:00:00,13.78
2024-12-24 22:00:00,15.94
2024-12-24 23:00:00,17.49
2024-12-25,10.12
2024-12-25 01:00:00,6.82
2024-12-25 02:00:00,8.45
2024-12-25 03:00:00,9.06
2024-12-25 04:00:00,7.94
2024-12-25 05:00:00,7.18
2024-12-25 06:00:00,4.76
2024-12-25 07:00:00,2.45
2024-12-25 08:00:00,1.15
2024-12-25 09:00:00,0.5
2024-12-25 10:00:00,0.25
2024-12-25 11:00:00,3.5
2024-12-25 12:00:00,2.72
2024-12-25 13:00:00,3.31
2024-12-25 14:00:00,1.65
2024-12-25 15:00:00,1.9
2024-12-25 16:00:00,1.27
2024-12-25 17:00:00,2.51
2024-12-25 18:00:00,11.72
2024-12-25 19:00:00,6.91
2024-12-25 20:00:00,7.68
2024-12-25 21:00:00,23
2024-12-25 22:00:00,31.18
2024-12-25 23:00:00,30.73
2024-12-26,26.09
2024-12-26 01:00:00,24.15
2024-12-26 02:00:00,32.71
2024-12-26 03:00:00,47.67
2024-12-26 04:00:00,63.26
2024-12-26 05:00:00,64.72
2024-12-26 06:00:00,66.39
2024-12-26 07:00:00,49.91
2024-12-26 08:00:00,59.99
2024-12-26 09:00:00,62.68
2024-12-26 10:00:00,52.86
2024-12-26 11:00:00,51.27
2024-12-26 12:00:00,56.44
2024-12-26 13:00:00,63.05
2024-12-26 14:00:00,48.72
2024-12-26 15:00:00,34.74
2024-12-26 16:00:00,29.44
2024-12-26 17:00:00,27.16
2024-12-26 18:00:00,22.3
2024-12-26 19:00:00,16.42
2024-12-26 20:00:00,14.34
2024-12-26 21:00:00,10.51
2024-12-26 22:00:00,6.44
2024-12-26 23:00:00,3.84
2024-12-27,5.81
2024-12-27 01:00:00,12.2
2024-12-27 02:00:00,22.22
2024-12-27 03:00:00,37.11
2024-12-27 04:00:00,35.48
2024-12-27 05:00:00,41.03
2024-12-27 06:00:00,42.5
2024-12-27 07:00:00,38.22
2024-12-27 08:00:00,47.15
2024-12-27 09:00:00,66.95
2024-12-27 10:00:00,62.64
2024-12-27 11:00:00,38.28
2024-12-27 12:00:00,29.05
2024-12-27 13:00:00,34.31
2024-12-27 14:00:00,36.33
2024-12-27 15:00:00,28.82
2024-12-27 16:00:00,17.77
2024-12-27 17:00:00,10.58
2024-12-27 18:00:00,6.23
2024-12-27 19:00:00,4.67
2024-12-27 20:00:00,3.42
2024-12-27 21:00:00,3.5
2024-12-27 22:00:00,13.53
2024-12-27 23:00:00,36.8
2024-12-28,39.41
2024-12-28 01:00:00,52.45
2024-12-28 02:00:00,83.06
2024-12-28 03:00:00,68.41
2024-12-28 04:00:00,43.34
2024-12-28 05:00:00,22.92
2024-12-28 06:00:00,14.18
2024-12-28 07:00:00,9.87
2024-12-28 08:00:00,9.37
2024-12-28 09:00:00,8.74
2024-12-28 10:00:00,8.74
2024-12-28 11:00:00,9.07
2024-12-28 12:00:00,11.68
2024-12-28 13:00:00,10.53
2024-12-28 14:00:00,10.54
2024-12-28 15:00:00,10.93
2024-12-28 17:00:00,8.47
2024-12-28 18:00:00,7.59
2024-12-28 19:00:00,7.9
2024-12-28 20:00:00,9.18
2024-12-28 21:00:00,8.79
2024-12-28 22:00:00,6.54
2024-12-28 23:00:00,7.46
2024-12-29,10.69
2024-12-29 01:00:00,14.66
2024-12-29 02:00:00,24.85
2024-12-29 03:00:00,39.07
2024-12-29 04:00:00,63.47
2024-12-29 05:00:00,95.33
2024-12-29 07:00:00,102.83
2024-12-29 08:00:00,78.59
2024-12-29 09:00:00,68.1
2024-12-29 10:00:00,78.44
2024-12-29 11:00:00,87.67
2024-12-29 12:00:00,72.94
2024-12-29 13:00:00,55.76
2024-12-29 14:00:00,36.53
2024-12-29 15:00:00,22.96
2024-12-29 16:00:00,26.07
2024-12-29 17:00:00,39.71
2024-12-29 18:00:00,33.67
2024-12-29 19:00:00,16.45
2024-12-29 20:00:00,10.54
2024-12-29 21:00:00,8.8
2024-12-29 22:00:00,8.45
